date,FISCAL_REV,FISCAL_EXP,GDP_REAL,GDP_DEFLATOR,CPI_HEADLINE,CPI_CORE,IP_EX_CONSTR,ORDERS_IND,RETAIL_SALES,CAR_REG,CAPU_MANU,YIELD_10Y
1991-01-01,,,,,60.5,,76.9,59.1,,352550.0,,
1991-02-01,,,,,60.6,,77.5,56.6,,379223.0,,
1991-03-01,139956.0,156272.0,69.06,,60.6,,85.1,57.6,,363962.0,88.7,
1991-04-01,,,,,60.9,,79.2,56.0,,348040.0,,
1991-05-01,,,,,60.9,,76.8,55.7,,383467.0,,
1991-06-01,151399.0,163094.0,69.83,,61.4,,83.1,56.6,,385354.0,88.1,
1991-07-01,,,,,61.9,,75.9,55.1,,513986.0,,
1991-08-01,,,,,62.2,,70.6,58.2,,216759.0,,
1991-09-01,162390.0,171436.0,70.63,,62.3,,81.8,55.3,,258492.0,86.9,
1991-10-01,,,,,63.5,,84.4,56.4,,292579.0,,
1991-11-01,,,,,63.7,,87.0,57.4,,317159.0,,
1991-12-01,185510.0,207789.0,72.56,65.4,63.7,,78.5,58.0,,299093.0,86.0,
1992-01-01,,,,,63.9,,76.2,57.5,,363044.0,,
1992-02-01,,,,,64.1,,78.4,57.6,,344720.0,,
1992-03-01,168366.0,179432.0,71.16,,64.3,,85.0,57.2,,327308.0,85.8,
1992-04-01,,,,,64.6,,79.4,55.4,,332935.0,,
1992-05-01,,,,,64.8,,77.1,54.2,,327400.0,,
1992-06-01,178765.0,182044.0,70.96,,65.0,,79.7,53.0,,316997.0,80.4,
1992-07-01,,,,,65.1,,73.6,51.9,,327268.0,,
1992-08-01,,,,,65.2,,69.7,52.4,,311987.0,,
1992-09-01,181246.0,195129.0,72.13,,65.3,,80.4,52.7,,297522.0,79.4,
1992-10-01,,,,,65.7,,81.3,49.7,,301682.0,,
1992-11-01,,,,,65.9,,81.7,50.3,,321477.0,,
1992-12-01,202088.0,232201.0,73.52,68.88,65.9,,72.7,51.3,,347275.0,77.6,
1993-01-01,,,,,66.8,,69.1,50.4,,274929.0,,
1993-02-01,,,,,67.1,,69.3,49.0,,269298.0,,
1993-03-01,175451.0,191276.0,69.48,,67.2,,77.0,48.0,,265444.0,76.4,
1993-04-01,,,,,67.6,,71.3,48.1,,292903.0,,
1993-05-01,,,,,67.6,,70.0,49.1,,262677.0,,
1993-06-01,187365.0,193337.0,70.39,,68.0,,72.7,48.3,,243382.0,76.0,
1993-07-01,,,,,68.0,,67.4,49.0,,262974.0,,
1993-08-01,,,,,68.2,,65.7,48.7,,267608.0,,
1993-09-01,184841.0,203230.0,71.79,,68.2,,76.0,50.7,,260981.0,76.0,
1993-10-01,,,,,68.5,,77.0,50.2,,261042.0,,
1993-11-01,,,,,68.6,,78.2,50.2,,257286.0,,
1993-12-01,213446.0,238395.0,73.29,71.49,68.6,,71.5,52.1,,258658.0,77.0,
1994-01-01,,,,,69.0,,67.7,49.6,67.7,277509.0,,
1994-02-01,,,,,69.1,,70.0,51.1,67.4,275386.0,,
1994-03-01,189112.0,202513.0,71.16,,69.3,,77.5,52.9,68.3,271819.0,78.5,
1994-04-01,,,,,69.5,,73.5,52.6,67.3,261841.0,,
1994-05-01,,,,,69.5,,71.8,52.0,67.0,273888.0,,
1994-06-01,201438.0,200786.0,72.14,,69.7,,75.4,53.4,67.2,258417.0,80.3,
1994-07-01,,,,,69.8,,71.5,53.1,66.4,259372.0,,
1994-08-01,,,,,70.1,,66.7,52.6,67.9,243373.0,,
1994-09-01,195656.0,209804.0,73.54,,70.1,,78.4,54.9,68.5,260335.0,82.1,
1994-10-01,,,,,70.1,,81.0,55.3,68.1,265492.0,,
1994-11-01,,,,,70.2,,82.4,55.6,68.0,275342.0,,
1994-12-01,223926.0,247970.0,75.51,72.87,70.2,,74.8,57.9,69.4,270582.0,83.2,
1995-01-01,,,,,70.3,73.7,70.1,53.7,67.7,265809.0,,
1995-02-01,,,,,70.6,74.0,72.3,54.6,69.4,272978.0,,
1995-03-01,197462.0,211641.0,72.76,,70.7,74.1,80.0,54.7,69.1,264234.0,84.3,
1995-04-01,,,,,70.7,74.0,74.9,54.0,68.4,280907.0,,
1995-05-01,,,,,70.9,74.1,74.2,55.1,69.6,277750.0,,
1995-06-01,200711.0,212839.0,73.36,,71.0,74.2,76.9,53.2,69.5,289032.0,84.6,
1995-07-01,,,,,71.0,74.2,73.2,54.9,68.0,272691.0,,
1995-08-01,,,,,71.2,74.5,67.3,52.3,69.0,261465.0,,
1995-09-01,208721.0,224373.0,74.51,,71.3,74.6,79.5,54.1,68.8,287557.0,84.0,
1995-10-01,,,,,71.3,74.7,78.2,51.8,68.0,277324.0,,
1995-11-01,,,,,71.4,74.8,80.4,52.9,69.0,282308.0,,
1995-12-01,240961.0,260586.0,76.14,74.21,71.3,74.9,73.2,53.7,68.8,277632.0,83.6,
1996-01-01,,,,,71.3,74.8,69.7,52.4,68.5,295710.0,,
1996-02-01,,,,,71.4,75.1,71.1,51.8,68.3,290923.0,,
1996-03-01,200342.0,215834.0,72.79,,71.6,75.2,79.5,53.8,68.1,297196.0,82.1,
1996-04-01,,,,,71.8,75.4,73.6,53.5,69.7,296004.0,,
1996-05-01,,,,,71.9,75.6,73.3,53.6,68.7,303245.0,,
1996-06-01,205369.0,216904.0,73.95,,72.0,75.6,76.6,54.5,68.2,291897.0,82.0,
1996-07-01,,,,,72.0,75.4,72.9,54.2,68.7,286335.0,,
1996-08-01,,,,,72.1,75.5,68.6,54.4,69.0,282382.0,,
1996-09-01,206969.0,225634.0,75.7,,72.2,75.5,79.9,54.3,69.4,288924.0,81.9,
1996-10-01,,,,,72.4,75.9,79.5,55.1,68.7,284336.0,,
1996-11-01,,,,,72.4,75.8,82.0,54.6,68.9,288443.0,,
1996-12-01,237358.0,259383.0,77.39,74.56,72.4,75.8,74.4,54.6,68.5,286051.0,82.0,
1997-01-01,,,,,72.8,76.2,70.6,55.4,69.6,292977.0,,
1997-02-01,,,,,72.9,76.4,72.5,55.4,68.1,295281.0,,
1997-03-01,201770.0,219307.0,73.24,,72.8,76.4,81.5,57.3,67.9,294639.0,83.4,
1997-04-01,,,,,72.8,76.4,75.9,57.9,68.4,288502.0,,
1997-05-01,,,,,73.1,76.8,73.9,56.8,67.9,280886.0,,
1997-06-01,208036.0,216943.0,76.11,,73.1,76.9,79.7,57.9,68.8,298195.0,83.9,
1997-07-01,,,,,73.4,77.1,77.6,57.8,67.9,307941.0,,
1997-08-01,,,,,73.6,77.3,69.6,58.4,66.3,308340.0,,
1997-09-01,213483.0,224891.0,77.24,,73.7,77.3,81.1,59.7,67.8,279929.0,84.8,
1997-10-01,,,,,73.8,77.3,82.8,59.2,69.3,306004.0,,
1997-11-01,,,,,73.9,77.5,84.8,58.7,67.7,279284.0,,
1997-12-01,246252.0,253541.0,78.8,74.67,74.0,77.5,77.6,59.9,68.0,308155.0,85.6,
1998-01-01,,,,,73.6,77.2,74.6,60.5,68.4,302376.0,,
1998-02-01,,,,,73.6,77.4,76.3,60.1,68.1,320081.0,,
1998-03-01,207050.0,222364.0,76.32,,73.6,77.5,86.0,61.3,69.3,333878.0,85.7,
1998-04-01,,,,,73.7,77.5,79.6,61.2,68.2,270804.0,,
1998-05-01,,,,,74.1,78.1,78.8,60.3,68.4,300265.0,,
1998-06-01,220989.0,218252.0,76.65,,74.1,78.1,81.8,60.4,67.7,306314.0,86.1,
1998-07-01,,,,,74.2,78.2,80.8,60.4,69.1,305277.0,,
1998-08-01,,,,,74.2,78.2,73.4,58.6,68.0,316889.0,,
1998-09-01,216078.0,227064.0,78.69,,74.2,78.2,83.6,60.4,68.4,303504.0,85.5,
1998-10-01,,,,,74.3,78.3,84.3,58.2,68.3,322417.0,,
1998-11-01,,,,,74.3,78.3,84.9,57.5,69.7,315463.0,,
1998-12-01,257405.0,259224.0,80.15,75.19,74.3,78.4,77.2,59.3,69.0,323543.0,84.5,
1999-01-01,,,,,73.7,77.8,75.3,58.5,68.7,332889.0,,
1999-02-01,,,,,73.7,77.9,75.6,58.6,68.6,309025.0,,
1999-03-01,207376.0,224909.0,77.31,,74.0,78.2,84.7,58.9,69.3,319452.0,84.0,
1999-04-01,,,,,74.5,78.3,79.4,59.3,67.9,334906.0,,
1999-05-01,,,,,74.4,78.4,78.6,59.7,67.7,312800.0,,
1999-06-01,227573.0,222140.0,78.12,,74.4,78.4,82.4,61.5,68.7,309439.0,83.7,
1999-07-01,,,,,74.5,78.3,80.6,61.8,68.3,333520.0,,
1999-08-01,,,,,74.6,78.3,74.8,64.6,69.2,308260.0,,
1999-09-01,223234.0,236664.0,80.58,,74.5,78.3,85.4,63.6,67.3,309031.0,84.1,
1999-10-01,,,,,74.7,78.4,86.7,64.1,69.4,299169.0,,
1999-11-01,,,,,74.9,78.5,88.5,64.9,69.0,285375.0,,
1999-12-01,264415.0,262369.0,82.43,75.62,74.9,78.4,80.2,65.2,69.6,304376.0,84.6,
2000-01-01,,,,,75.0,78.5,76.7,62.8,69.2,277753.0,,
2000-02-01,,,,,75.0,78.5,80.1,66.4,70.7,298892.0,,
2000-03-01,211331.0,229853.0,80.54,,75.2,78.5,89.1,68.0,69.5,293574.0,85.6,
2000-04-01,,,,,75.1,78.6,84.0,68.7,70.3,271860.0,,
2000-05-01,,,,,75.2,78.6,84.5,68.8,70.7,295770.0,,
2000-06-01,230606.0,225204.0,81.18,,75.4,78.6,86.2,70.3,69.8,271055.0,86.4,
2000-07-01,,,,,75.4,78.7,86.2,70.3,69.9,283486.0,,
2000-08-01,,,,,75.4,78.7,79.5,70.6,70.2,282397.0,,
2000-09-01,275782.0,235150.0,82.53,,75.8,78.6,91.1,70.3,69.9,278744.0,87.0,
2000-10-01,,,,,76.0,78.9,91.4,70.5,70.0,264784.0,,
2000-11-01,,,,,76.1,78.9,93.1,70.7,70.2,273355.0,,
2000-12-01,254728.0,264623.0,83.36,75.36,76.2,79.2,84.7,71.8,70.5,272212.0,87.7,
2001-01-01,,,,,76.1,79.0,81.7,69.5,71.6,275807.0,,
2001-02-01,,,,,76.5,79.3,84.3,69.8,70.5,274261.0,,
2001-03-01,213499.0,235474.0,82.38,,76.5,79.4,92.6,69.1,71.0,278870.0,87.9,
2001-04-01,,,,,76.7,79.5,85.2,66.7,71.1,281937.0,,
2001-05-01,,,,,77.2,79.7,84.6,68.9,71.3,288731.0,,
2001-06-01,229621.0,228699.0,82.36,,77.3,79.8,88.5,69.1,71.2,279687.0,84.6,
2001-07-01,,,,,77.2,79.7,84.6,67.0,70.8,273257.0,,
2001-08-01,,,,,77.3,79.8,79.5,67.8,70.8,286190.0,,
2001-09-01,227351.0,239544.0,83.69,,77.4,79.9,89.7,65.4,70.6,275429.0,83.9,
2001-10-01,,,,,77.4,80.2,88.4,64.6,69.4,278491.0,,4.62
2001-11-01,,,,,77.3,80.3,89.1,64.7,71.4,282824.0,,4.460909090909091
2001-12-01,248935.0,265704.0,84.55,76.44,77.5,80.4,81.1,67.6,70.2,275473.0,82.4,4.745294117647059
2002-01-01,,,,,77.6,80.4,78.7,66.2,69.0,281236.0,,4.869545454545454
2002-02-01,,,,,77.8,80.8,80.3,65.8,69.1,273855.0,,4.9265
2002-03-01,206388.0,239757.0,80.88,,78.0,80.9,89.9,67.2,69.3,273129.0,82.3,5.1675
2002-04-01,,,,,78.1,80.8,84.1,67.4,69.9,269916.0,,5.161428571428571
2002-05-01,,,,,78.0,80.9,82.0,69.2,69.7,261553.0,,5.173181818181818
2002-06-01,228944.0,235551.0,82.35,,78.0,81.1,87.5,68.6,68.6,277358.0,82.1,5.0265
2002-07-01,,,,,78.2,81.1,84.7,67.5,69.8,267637.0,,4.873913043478261
2002-08-01,,,,,78.2,81.1,79.2,69.0,69.2,282411.0,,4.59409090909091
2002-09-01,227985.0,244870.0,84.34,,78.2,81.0,89.5,68.1,69.8,271555.0,82.6,4.390952380952381
2002-10-01,,,,,78.3,81.1,89.3,67.6,69.8,274902.0,,4.478695652173913
2002-11-01,,,,,78.1,81.3,91.7,68.7,68.9,270356.0,,4.497619047619048
2002-12-01,257464.0,266642.0,84.63,77.58,78.2,81.1,81.4,66.4,69.2,268648.0,82.8,4.355555555555556
2003-01-01,,,,,78.6,81.3,80.2,68.3,68.4,282549.0,,4.190454545454545
2003-02-01,,,,,78.7,81.3,82.1,68.2,68.9,269388.0,,3.965
2003-03-01,207729.0,245522.0,80.64,,78.9,81.5,91.2,66.7,68.5,265586.0,82.6,4.018571428571429
2003-04-01,,,,,78.7,81.3,84.7,66.9,68.8,262860.0,,4.164499999999999
2003-05-01,,,,,78.6,81.5,82.7,65.3,68.5,273723.0,,3.8385714285714285
2003-06-01,228217.0,239097.0,81.4,,78.8,81.8,85.8,67.9,68.6,274911.0,82.9,3.644285714285714
2003-07-01,,,,,78.7,81.7,86.1,67.0,68.7,274184.0,,4.000869565217391
2003-08-01,,,,,78.9,81.8,77.3,67.4,68.0,273253.0,,4.154285714285714
2003-09-01,224983.0,252349.0,83.84,,79.0,81.8,87.5,68.8,68.8,277960.0,82.5,4.197272727272727
2003-10-01,,,,,79.3,82.1,90.4,69.5,69.5,262982.0,,4.252608695652174
2003-11-01,,,,,79.1,81.9,92.3,69.8,68.8,270036.0,,4.3965000000000005
2003-12-01,262205.0,261687.0,84.56,78.61,79.0,81.9,83.6,71.6,68.9,260794.0,83.2,4.339473684210526
2004-01-01,,,,,79.6,82.4,81.9,70.0,69.0,259309.0,,4.187619047619047
2004-02-01,,,,,79.6,82.5,83.9,70.6,69.1,268171.0,,4.129
2004-03-01,206351.0,248892.0,82.02,,79.8,82.6,92.4,71.6,69.8,255190.0,83.5,3.9378260869565214
2004-04-01,,,,,80.0,83.0,87.3,72.5,70.4,271751.0,,4.117
2004-05-01,,,,,80.2,83.0,86.5,72.7,68.9,263195.0,,4.278095238095238
2004-06-01,225986.0,235195.0,82.97,,80.2,83.2,89.6,72.1,70.1,263407.0,83.9,4.366363636363636
2004-07-01,,,,,80.2,83.0,89.2,72.7,70.2,266615.0,,4.256818181818182
2004-08-01,,,,,80.5,83.2,81.1,71.4,69.5,252691.0,,4.1036363636363635
2004-09-01,226332.0,246946.0,84.04,,80.5,83.3,92.2,72.7,69.7,265889.0,84.3,4.045909090909091
2004-10-01,,,,,80.7,83.3,93.6,72.2,69.7,283581.0,,3.9176190476190476
2004-11-01,,,,,80.6,83.3,93.4,71.1,70.4,284391.0,,3.811363636363636
2004-12-01,263582.0,258331.0,85.26,79.51,80.8,83.3,84.2,75.7,70.0,297792.0,84.1,3.649047619047619
2005-01-01,,,,,80.8,83.1,84.5,73.6,71.7,252327.0,,3.588095238095238
2005-02-01,,,,,80.8,83.0,85.3,72.3,70.5,265415.0,,3.5645000000000002
2005-03-01,211285.0,249877.0,81.63,,81.1,83.1,95.4,73.7,71.2,279060.0,83.9,3.718571428571429
2005-04-01,,,,,81.0,83.2,89.5,73.2,70.2,274688.0,,3.505714285714286
2005-05-01,,,,,81.0,83.2,87.3,73.6,70.4,280140.0,,3.3468181818181817
2005-06-01,233544.0,240431.0,84.04,,81.2,83.3,92.6,76.0,71.1,278295.0,83.6,3.191363636363636
2005-07-01,,,,,81.4,83.1,92.3,77.7,70.8,284092.0,,3.229047619047619
2005-08-01,,,,,81.7,83.2,82.7,75.9,71.2,275376.0,,3.252173913043478
2005-09-01,235907.0,248826.0,85.19,,81.9,83.4,96.2,78.4,70.9,275570.0,83.9,3.088181818181818
2005-10-01,,,,,82.0,83.4,98.5,79.3,70.8,303308.0,,3.255238095238095
2005-11-01,,,,,81.9,83.5,99.0,80.5,71.1,273149.0,,3.4681818181818183
2005-12-01,264629.0,263814.0,86.4,79.94,81.9,83.4,88.8,80.0,70.8,269818.0,84.4,3.3699999999999997
2006-01-01,,,,,82.1,83.5,88.3,80.7,71.2,271011.0,,3.334090909090909
2006-02-01,,,,,82.3,83.6,90.2,81.0,71.2,261784.0,,3.4829999999999997
2006-03-01,229039.0,254092.0,85.15,,82.2,83.7,99.0,80.3,70.8,278406.0,85.0,3.648695652173913
2006-04-01,,,,,82.6,83.7,94.0,82.3,71.0,279370.0,,3.9027777777777777
2006-05-01,,,,,82.7,83.7,94.0,82.7,72.1,286312.0,,3.9822727272727274
2006-06-01,245119.0,235619.0,86.33,,82.8,83.8,97.3,81.4,72.2,281644.0,86.3,3.9868181818181814
2006-07-01,,,,,82.8,83.6,97.2,83.8,71.3,276306.0,,4.016190476190476
2006-08-01,,,,,82.9,83.6,89.8,86.5,72.0,272397.0,,3.89304347826087
2006-09-01,241434.0,249214.0,88.2,,82.7,83.9,101.8,85.2,70.4,298170.0,87.2,3.7609523809523813
2006-10-01,,,,,82.9,84.1,102.2,84.7,70.9,295228.0,,3.794545454545455
2006-11-01,,,,,83.0,84.2,105.2,85.0,71.4,323702.0,,3.727272727272727
2006-12-01,271475.0,263555.0,90.59,80.29,83.2,84.2,94.7,85.6,73.8,348978.0,87.9,3.776315789473684
2007-01-01,,,,,83.7,84.9,93.2,86.7,69.6,239400.0,,4.018636363636364
2007-02-01,,,,,83.8,84.9,96.2,89.3,70.7,221840.0,,4.052
2007-03-01,238381.0,256855.0,88.58,,83.9,85.1,106.9,89.3,70.7,271493.0,88.0,3.945909090909091
2007-04-01,,,,,84.1,85.3,98.9,88.3,71.8,251420.0,,4.154736842105263
2007-05-01,,,,,84.2,85.3,99.8,91.1,69.4,266264.0,,4.282380952380953
2007-06-01,253768.0,237021.0,88.9,,84.4,85.4,103.5,94.4,70.3,262850.0,88.5,4.572380952380952
2007-07-01,,,,,84.6,85.5,102.8,90.1,70.2,261739.0,,4.521818181818182
2007-08-01,,,,,84.6,85.4,94.7,90.6,70.3,268354.0,,4.304347826086956
2007-09-01,248190.0,252752.0,90.59,,84.9,85.6,108.6,90.7,70.2,273075.0,88.4,4.2345
2007-10-01,,,,,85.2,85.7,109.4,94.7,70.7,271599.0,,4.296086956521739
2007-11-01,,,,,85.9,85.9,110.3,96.4,70.7,276957.0,,4.111818181818181
2007-12-01,283155.0,267412.0,92.33,81.76,85.8,85.9,99.2,95.4,69.6,292485.0,88.5,4.234705882352941
2008-01-01,,,,,86.1,86.1,98.6,93.1,72.5,269720.0,,4.046363636363636
2008-02-01,,,,,86.2,86.1,100.8,93.4,72.4,266228.0,,3.9690476190476187
2008-03-01,250355.0,260185.0,90.2,,86.3,86.3,111.5,91.9,71.2,264398.0,88.2,3.81
2008-04-01,,,,,86.3,86.4,104.3,92.4,70.6,264608.0,,4.044090909090909
2008-05-01,,,,,86.7,86.4,101.3,90.0,71.9,258305.0,,4.2023809523809526
2008-06-01,262981.0,247902.0,91.43,,87.2,86.6,105.9,86.9,71.3,256500.0,87.6,4.53952380952381
2008-07-01,,,,,87.3,86.6,102.7,86.2,71.6,253771.0,,4.505217391304348
2008-08-01,,,,,87.2,86.6,96.1,88.0,72.0,258533.0,,4.2161904761904765
2008-09-01,254467.0,262170.0,91.42,,87.4,86.7,107.0,82.2,72.7,250866.0,86.5,4.11
2008-10-01,,,,,87.3,86.9,105.3,76.8,71.7,246868.0,,3.9008695652173913
2008-11-01,,,,,87.1,87.0,102.1,71.1,71.5,238878.0,,3.585
2008-12-01,287567.0,290341.0,90.55,82.55,86.7,87.0,87.7,66.3,71.3,255404.0,84.9,3.0705263157894738
2009-01-01,,,,,86.9,87.3,80.7,61.4,69.9,245431.0,,3.0942857142857143
2009-02-01,,,,,87.0,87.4,79.8,59.4,69.3,339105.0,,3.163
2009-03-01,250793.0,274061.0,84.18,,86.8,87.5,88.4,61.8,69.0,326687.0,75.3,3.0654545454545454
2009-04-01,,,,,86.7,87.6,79.7,61.5,70.3,336208.0,,3.1670000000000003
2009-05-01,,,,,86.9,87.7,82.5,63.8,69.3,358745.0,,3.4325
2009-06-01,251795.0,271412.0,84.4,,87.3,87.8,86.6,66.4,68.4,365028.0,70.3,3.5513636363636363
2009-07-01,,,,,87.0,87.8,84.6,69.0,69.0,316197.0,,3.3734782608695655
2009-08-01,,,,,87.3,87.8,79.4,69.7,68.6,326518.0,,3.334285714285714
2009-09-01,245190.0,278688.0,86.54,,87.1,87.9,92.9,72.0,69.0,310333.0,70.8,3.294545454545455
2009-10-01,,,,,87.3,88.0,91.8,70.3,69.4,306671.0,,3.2363636363636363
2009-11-01,,,,,87.4,87.9,93.8,72.3,69.1,279381.0,,3.2785714285714285
2009-12-01,270604.0,298574.0,88.3,84.17,87.5,88.1,83.5,71.2,70.2,237289.0,72.8,3.213
2010-01-01,,,,,87.7,88.1,84.6,73.8,69.0,243886.0,,3.2935000000000003
2010-02-01,,,,,87.6,88.1,85.6,73.9,69.9,235000.0,,3.1955
2010-03-01,242167.0,278708.0,86.4,,87.9,88.2,97.0,77.5,70.8,231576.0,74.5,3.1260869565217395
2010-04-01,,,,,88.1,88.2,91.3,79.7,69.3,233395.0,,3.0974999999999997
2010-05-01,,,,,88.2,88.4,93.3,80.1,70.9,236694.0,,2.8133333333333335
2010-06-01,262337.0,271495.0,88.37,,88.2,88.3,95.6,81.9,71.1,241142.0,79.4,2.627272727272727
2010-07-01,,,,,88.0,88.3,94.7,81.2,71.6,237160.0,,2.645909090909091
2010-08-01,,,,,88.1,88.4,88.8,83.4,71.3,231035.0,,2.3868181818181817
2010-09-01,251494.0,275996.0,90.56,,88.2,88.5,101.0,82.2,70.8,251445.0,82.0,2.3249999999999997
2010-10-01,,,,,88.4,88.6,103.5,82.6,71.1,253790.0,,2.367142857142857
2010-11-01,,,,,88.5,88.6,104.8,87.0,71.2,255453.0,,2.550909090909091
2010-12-01,290591.0,304750.0,92.32,84.77,88.8,88.6,95.7,84.2,71.3,241624.0,83.5,2.949047619047619
2011-01-01,,,,,89.1,88.8,93.6,88.0,72.1,270859.0,,3.0423809523809524
2011-02-01,,,,,89.2,88.9,97.2,89.1,73.4,265551.0,,3.2205
2011-03-01,260488.0,281032.0,91.71,,89.6,89.0,108.3,86.1,71.5,261794.0,84.7,3.239130434782609
2011-04-01,,,,,89.9,89.0,99.9,87.4,72.0,249268.0,,3.3721052631578945
2011-05-01,,,,,90.0,89.3,99.9,90.2,71.1,257778.0,,3.1240909090909095
2011-06-01,292392.0,271426.0,91.73,,89.9,89.1,102.1,89.7,72.7,260340.0,85.8,2.972727272727273
2011-07-01,,,,,90.0,89.2,104.1,87.7,72.9,270426.0,,2.7942857142857145
2011-08-01,,,,,90.1,89.3,95.5,87.4,73.3,265579.0,,2.272608695652174
2011-09-01,264298.0,282229.0,93.45,,90.4,89.6,105.6,84.2,73.1,271405.0,85.9,1.87
2011-10-01,,,,,90.5,89.6,107.3,85.6,73.6,266504.0,,2.041904761904762
2011-11-01,,,,,90.6,89.6,108.4,82.7,73.2,262263.0,,1.9372727272727273
2011-12-01,307636.0,300061.0,94.2,85.8,90.5,89.6,95.7,84.3,73.4,256341.0,85.6,2.0233333333333334
2012-01-01,,,,,90.9,89.9,94.7,83.2,72.7,257911.0,,1.8709090909090909
2012-02-01,,,,,91.2,90.0,98.3,83.8,73.7,257634.0,,1.9004761904761902
2012-03-01,274949.0,293147.0,93.2,,91.5,90.0,110.0,85.7,74.3,276829.0,84.8,1.8790909090909091
2012-04-01,,,,,91.6,90.1,99.5,83.9,73.5,257332.0,,1.736842105263158
2012-05-01,,,,,91.5,90.3,100.3,85.2,74.2,265941.0,,1.4695454545454545
2012-06-01,296488.0,282230.0,92.01,,91.5,90.3,102.8,82.9,74.7,258301.0,84.4,1.4276190476190476
2012-07-01,,,,,91.6,90.3,102.8,83.7,73.8,246636.0,,1.3154545454545454
2012-08-01,,,,,91.9,90.3,95.1,83.6,74.3,254095.0,,1.4169565217391307
2012-09-01,282781.0,286196.0,93.48,,92.2,90.6,105.4,81.6,74.7,261142.0,83.5,1.5394999999999999
2012-10-01,,,,,92.3,90.7,104.2,84.4,74.4,248865.0,,1.5182608695652176
2012-11-01,,,,,92.2,90.8,105.5,81.9,74.3,253525.0,,1.3918181818181818
2012-12-01,313601.0,316281.0,94.13,87.04,92.2,90.9,94.5,82.5,74.4,250589.0,82.5,1.3564705882352943
2013-01-01,,,,,92.5,90.8,92.4,82.4,75.0,229771.0,,1.5645454545454547
2013-02-01,,,,,92.7,90.9,96.2,84.2,74.4,237246.0,,1.6045000000000003
2013-03-01,281337.0,294932.0,91.65,,92.6,91.1,108.7,85.7,74.8,247686.0,82.6,1.415
2013-04-01,,,,,92.8,91.2,99.8,83.4,74.9,247926.0,,1.2557142857142858
2013-05-01,,,,,93.1,91.3,98.2,83.8,75.8,246023.0,,1.3595454545454546
2013-06-01,302046.0,292656.0,92.85,,93.3,91.5,103.6,87.5,75.4,249031.0,82.5,1.61
2013-07-01,,,,,93.4,91.5,100.9,85.5,75.6,240663.0,,1.6265217391304347
2013-08-01,,,,,93.3,91.5,95.4,86.2,75.6,250213.0,,1.7954545454545454
2013-09-01,290383.0,299904.0,94.64,,93.5,91.7,106.3,88.5,75.9,249382.0,83.1,1.9304761904761905
2013-10-01,,,,,93.3,91.7,105.8,87.4,75.3,255960.0,,1.8126086956521739
2013-11-01,,,,,93.5,92.1,109.9,88.3,76.3,258894.0,,1.7233333333333332
2013-12-01,321926.0,316214.0,95.15,88.78,93.6,92.0,97.7,87.4,75.3,254914.0,83.8,1.8344444444444445
2014-01-01,,,,,93.7,92.3,96.1,89.0,76.3,247879.0,,1.8018181818181818
2014-02-01,,,,,93.9,92.4,99.4,89.0,76.7,242284.0,,1.657
2014-03-01,295976.0,304982.0,94.59,,93.8,92.4,110.8,87.0,77.0,254677.0,84.0,1.591904761904762
2014-04-01,,,,,94.0,92.5,101.3,89.0,76.4,249419.0,,1.541
2014-05-01,,,,,93.9,92.5,99.6,85.9,75.8,252871.0,,1.4076190476190475
2014-06-01,304535.0,298956.0,94.04,,93.9,92.6,103.7,85.8,77.1,251466.0,84.4,1.3504761904761904
2014-07-01,,,,,94.1,92.7,104.5,91.5,76.1,256661.0,,1.1956521739130435
2014-08-01,,,,,94.2,92.8,93.4,86.8,77.4,258705.0,,1.0238095238095237
2014-09-01,303057.0,305496.0,96.28,,94.3,93.0,106.9,88.0,76.4,253509.0,84.3,0.9981818181818182
2014-10-01,,,,,94.2,93.0,107.3,90.0,77.2,268028.0,,0.8677272727272727
2014-11-01,,,,,94.1,93.0,109.5,87.8,77.0,257512.0,,0.795
2014-12-01,341626.0,327621.0,97.53,90.46,93.7,93.3,98.9,90.9,76.9,261291.0,84.2,0.6594736842105263
2015-01-01,,,,,94.0,93.9,94.8,89.5,78.1,259619.0,,0.4547619047619048
2015-02-01,,,,,94.3,94.0,99.4,88.2,78.3,260290.0,,0.3485
2015-03-01,307599.0,315782.0,95.76,,94.6,94.1,111.6,88.9,78.4,262700.0,84.0,0.26136363636363635
2015-04-01,,,,,94.6,94.1,102.6,90.4,78.5,267035.0,,0.15050000000000002
2015-05-01,,,,,94.8,94.1,102.1,89.4,80.3,255013.0,,0.5868421052631579
2015-06-01,325048.0,301808.0,95.56,,94.7,94.2,106.0,91.9,79.8,263354.0,84.3,0.8195454545454546
2015-07-01,,,,,94.6,94.0,106.1,90.9,80.7,274567.0,,0.7678260869565218
2015-08-01,,,,,94.5,94.3,96.1,88.9,80.8,272501.0,,0.6533333333333333
2015-09-01,318123.0,315528.0,97.86,,94.5,94.4,107.9,87.7,80.5,266847.0,84.3,0.6809090909090909
2015-10-01,,,,,94.6,94.4,107.8,88.1,80.6,273202.0,,0.5472727272727272
2015-11-01,,,,,94.9,94.7,109.2,89.2,80.9,271659.0,,0.5466666666666666
2015-12-01,348414.0,338809.0,99.62,92.04,94.6,94.7,97.9,87.5,81.6,268420.0,84.1,0.5815
2016-01-01,,,,,94.5,95.0,97.4,89.7,81.4,275297.0,,0.507
2016-02-01,,,,,94.5,95.0,101.1,89.0,81.3,279034.0,,0.22904761904761903
2016-03-01,322237.0,325257.0,97.81,,94.6,95.1,112.3,90.7,80.6,272321.0,84.3,0.20380952380952383
2016-04-01,,,,,94.8,95.2,103.1,89.9,80.2,280577.0,,0.1676190476190476
2016-05-01,,,,,94.9,95.2,100.9,89.6,81.2,272289.0,,0.17047619047619048
2016-06-01,338495.0,314166.0,98.94,,95.0,95.3,106.8,89.6,81.1,277030.0,84.3,0.01863636363636364
2016-07-01,,,,,94.9,95.2,103.9,90.2,82.0,282546.0,,-0.08333333333333333
2016-08-01,,,,,94.9,95.3,98.0,90.5,82.5,274215.0,,-0.0782608695652174
2016-09-01,328241.0,333427.0,99.64,,95.2,95.5,109.6,89.7,81.7,295287.0,84.6,-0.05227272727272727
2016-10-01,,,,,95.3,95.6,109.2,92.3,84.2,282924.0,,0.0395
2016-11-01,,,,,95.5,95.8,111.9,90.7,82.6,273938.0,,0.22954545454545452
2016-12-01,365302.0,358061.0,101.03,93.2,95.8,95.9,97.5,94.6,84.2,265238.0,85.2,0.2966666666666667
2017-01-01,,,,,96.0,95.8,97.3,90.0,83.5,279458.0,,0.3463636363636364
2017-02-01,,,,,96.1,96.1,101.9,95.1,84.7,280720.0,,0.3295
2017-03-01,338028.0,326436.0,101.35,,96.0,96.2,113.5,94.0,85.8,280863.0,85.4,0.3852173913043478
2017-04-01,,,,,96.1,96.3,105.4,95.2,85.2,291311.0,,0.2622222222222222
2017-05-01,,,,,96.1,96.3,105.1,93.6,85.8,289242.0,,0.37545454545454543
2017-06-01,346121.0,332724.0,100.44,,96.2,96.4,109.2,94.9,86.1,284653.0,86.3,0.28714285714285714
2017-07-01,,,,,96.3,96.6,108.2,94.8,85.9,285221.0,,0.5347619047619048
2017-08-01,,,,,96.5,96.7,102.4,97.8,85.9,283329.0,,0.4208695652173913
2017-09-01,346080.0,343236.0,102.44,,96.5,96.8,113.9,98.3,87.4,299378.0,87.0,0.40238095238095234
2017-10-01,,,,,96.5,96.6,111.2,99.2,85.7,296056.0,,0.43200000000000005
2017-11-01,,,,,97.0,97.0,118.1,99.0,87.1,300722.0,,0.3640909090909091
2017-12-01,383352.0,373780.0,104.34,94.57,97.1,97.1,104.6,101.7,88.0,280212.0,87.5,0.3447368421052632
2018-01-01,,,,,97.3,97.2,102.0,97.3,86.9,305976.0,,0.5477272727272727
2018-02-01,,,,,97.3,97.3,104.4,98.5,86.8,300348.0,,0.72
2018-03-01,352708.0,341744.0,102.81,,97.3,97.4,118.5,96.8,86.5,292517.0,87.9,0.5904761904761905
2018-04-01,,,,,97.6,97.5,107.3,96.3,90.2,293814.0,,0.5469999999999999
2018-05-01,,,,,97.9,97.6,108.3,97.8,88.5,291131.0,,0.5195238095238095
2018-06-01,373316.0,337260.0,102.69,,98.0,97.7,112.4,95.0,88.9,287851.0,87.8,0.39571428571428574
2018-07-01,,,,,98.0,97.8,108.7,94.9,88.3,306316.0,,0.3559090909090909
2018-08-01,,,,,98.3,97.9,102.0,96.1,88.9,355577.0,,0.3634782608695652
2018-09-01,361342.0,355472.0,102.9,,98.7,98.0,113.4,96.3,89.3,217404.0,87.7,0.43600000000000005
2018-10-01,,,,,98.8,98.2,111.8,96.6,89.5,259139.0,,0.4640909090909091
2018-11-01,,,,,99.0,98.3,112.9,95.4,89.7,270996.0,,0.38090909090909086
2018-12-01,400705.0,396382.0,104.8,96.34,98.7,98.3,101.9,97.2,89.0,278086.0,87.1,0.2523529411764706
2019-01-01,,,,,98.6,98.4,99.9,93.7,91.1,298460.0,,0.2168181818181818
2019-02-01,,,,,98.7,98.6,103.3,90.3,92.1,301570.0,,0.126
2019-03-01,374279.0,364128.0,104.02,,98.9,98.8,116.5,91.6,90.5,295604.0,86.0,0.06333333333333334
2019-04-01,,,,,99.3,99.0,104.4,91.4,92.0,293468.0,,0.0125
2019-05-01,,,,,99.5,99.0,104.4,89.6,90.5,298962.0,,-0.08272727272727273
2019-06-01,396149.0,374547.0,102.76,,99.5,99.1,107.3,91.3,93.3,303479.0,85.1,-0.2673684210526316
2019-07-01,,,,,99.5,99.3,105.0,90.8,92.0,307883.0,,-0.3352173913043478
2019-08-01,,,,,99.7,99.4,97.6,90.1,92.6,366066.0,,-0.6172727272727273
2019-09-01,383954.0,376860.0,104.97,,99.8,99.5,109.0,91.9,92.9,257635.0,84.0,-0.5771428571428571
2019-10-01,,,,,99.8,99.7,106.9,91.4,91.6,294802.0,,-0.4531818181818182
2019-11-01,,,,,100.0,99.8,110.7,89.9,92.5,307714.0,,-0.3333333333333333
2019-12-01,420725.0,414516.0,105.47,98.27,100.2,100.0,96.3,88.8,93.0,314558.0,83.2,-0.28
2020-01-01,,,,,100.2,99.8,97.5,93.8,94.5,278887.0,,-0.2677272727272727
2020-02-01,,,,,100.3,100.0,102.1,91.6,95.9,271793.0,,-0.43499999999999994
2020-03-01,380006.0,379067.0,102.41,,100.2,100.0,102.3,77.3,92.5,174494.0,83.1,-0.5254545454545455
2020-04-01,,,,,100.2,100.2,73.1,56.2,88.9,114910.0,,-0.437
2020-05-01,,,,,100.2,100.2,81.0,63.1,99.4,163348.0,,-0.506
2020-06-01,358149.0,429049.0,91.66,,100.4,100.3,93.8,81.2,98.4,190248.0,69.7,-0.40095238095238095
2020-07-01,,,,,99.6,99.6,94.3,85.1,98.4,290028.0,,-0.4665217391304348
2020-08-01,,,,,99.7,99.9,87.5,88.6,100.9,299948.0,,-0.4766666666666667
2020-09-01,369851.0,438275.0,101.62,,99.6,99.8,100.9,91.5,99.1,271639.0,74.8,-0.4904545454545454
2020-10-01,,,,,99.8,100.0,103.4,94.6,101.7,283429.0,,-0.5740909090909091
2020-11-01,,,,,99.9,100.2,108.0,96.5,102.2,290348.0,,-0.5785714285714286
2020-12-01,410605.0,470247.0,104.31,100.0,100.0,100.2,96.1,94.9,98.6,317536.0,81.6,-0.584
2021-01-01,,,,,101.4,101.2,95.1,93.7,89.0,205863.0,,-0.534
2021-02-01,,,,,101.7,101.4,97.1,96.3,93.4,215972.0,,-0.397
2021-03-01,385162.0,458939.0,101.69,,102.1,101.6,110.0,99.5,101.2,228699.0,82.1,-0.31565217391304345
2021-04-01,,,,,102.2,101.6,100.0,102.3,96.2,221201.0,,-0.2725
2021-05-01,,,,,102.4,101.8,97.9,97.7,100.3,225155.0,,-0.163
2021-06-01,414086.0,455325.0,102.67,,102.8,102.2,99.9,103.8,105.1,227881.0,85.0,-0.20136363636363636
2021-07-01,,,,,103.2,102.6,99.9,108.2,100.2,226138.0,,-0.34454545454545454
2021-08-01,,,,,103.5,102.8,88.2,97.3,102.5,222125.0,,-0.4645454545454546
2021-09-01,413525.0,441363.0,104.48,,103.7,102.9,99.4,100.3,100.3,203591.0,86.1,-0.30772727272727274
2021-10-01,,,,,104.2,103.1,102.1,95.4,102.7,192194.0,,-0.14952380952380953
2021-11-01,,,,,104.7,103.5,106.4,98.6,103.3,195144.0,,-0.2545454545454545
2021-12-01,492560.0,500561.0,106.81,102.69,104.9,103.9,96.0,100.1,103.1,219742.0,85.8,-0.3280952380952381
2022-01-01,,,,,105.6,103.9,94.6,103.6,106.2,216755.0,,-0.05904761904761905
2022-02-01,,,,,106.2,104.2,98.7,101.2,106.6,223750.0,,0.1895
2022-03-01,430688.0,437767.0,105.77,,108.0,104.5,104.4,95.9,106.7,188861.0,86.0,0.3173913043478261
2022-04-01,,,,,108.6,105.0,96.7,95.5,105.5,181520.0,,0.7757894736842106
2022-05-01,,,,,109.6,105.6,96.7,94.6,106.2,188075.0,,0.9890909090909091
2022-06-01,444190.0,447244.0,104.2,,109.6,105.6,101.1,94.5,106.9,193833.0,85.0,1.4904761904761905
2022-07-01,,,,,110.1,106.1,99.0,96.8,108.2,204304.0,,1.1690476190476191
2022-08-01,,,,,110.6,106.5,90.9,94.0,107.6,221321.0,,1.087391304347826
2022-09-01,419227.0,453830.0,106.17,,112.6,107.6,104.6,91.0,110.2,234038.0,85.1,1.8204545454545453
2022-10-01,,,,,113.4,108.1,101.9,92.7,108.7,234960.0,,2.2076190476190476
2022-11-01,,,,,114.0,108.8,107.0,89.0,109.4,255203.0,,2.079090909090909
2022-12-01,485995.0,568533.0,107.02,109.28,113.4,109.3,93.4,90.2,108.6,298820.0,85.0,2.0952380952380953
2023-01-01,,,,,114.8,109.8,92.7,89.1,108.8,203318.0,,2.227272727272727
2023-02-01,,,,,115.4,110.2,99.1,93.3,109.8,233190.0,,2.3995
2023-03-01,441677.0,497001.0,105.74,,116.0,110.6,108.4,85.0,108.6,221087.0,84.3,2.4
2023-04-01,,,,,116.4,111.1,97.1,85.0,110.0,213734.0,,2.3777777777777778
2023-05-01,,,,,116.3,111.3,97.1,89.7,111.6,233969.0,,2.3563636363636364
2023-06-01,476206.0,477325.0,103.04,,116.6,111.7,99.2,96.6,112.6,232784.0,84.1,2.3922727272727276
2023-07-01,,,,,116.8,111.9,96.1,85.6,111.8,241250.0,,2.486666666666667
2023-08-01,,,,,117.4,112.4,88.6,87.9,110.8,305754.0,,2.5730434782608698
2023-09-01,457132.0,473272.0,104.77,,117.7,112.7,99.7,86.4,110.6,243760.0,83.2,2.684285714285714
2023-10-01,,,,,117.6,112.8,97.7,84.7,111.9,236581.0,,2.8495454545454546
2023-11-01,,,,,117.6,112.9,101.8,85.3,111.5,239590.0,,2.6290909090909094
2023-12-01,522065.0,539941.0,105.92,116.59,117.6,113.1,89.3,95.3,111.1,245502.0,82.1,2.124736842105263
2024-01-01,,,,,118.0,113.5,88.0,83.6,111.3,239442.0,,2.223181818181818
2024-02-01,,,,,118.3,113.9,93.0,84.3,111.4,236674.0,,2.3576190476190475
2024-03-01,459896.0,488106.0,104.57,,118.6,114.3,102.7,83.3,112.6,232802.0,80.9,2.3585000000000003
2024-04-01,,,,,118.9,114.4,93.2,83.3,112.8,229421.0,,2.455238095238095
2024-05-01,,,,,119.1,114.7,89.4,82.2,112.8,230661.0,,2.526818181818182
2024-06-01,490668.0,509446.0,102.74,,119.3,115.0,95.3,86.5,112.1,259556.0,79.7,2.495
2024-07-01,,,,,119.5,115.2,90.9,88.8,113.2,218987.0,,2.486521739130435
2024-08-01,,,,,119.6,115.5,85.6,83.7,115.0,228011.0,,2.229545454545455
2024-09-01,485912.0,525189.0,104.58,,119.6,115.7,95.5,89.1,116.4,227413.0,77.9,2.182380952380952
2024-10-01,,,,,120.1,116.0,93.6,88.9,115.9,240309.0,,2.2430434782608693
2024-11-01,,,,,120.2,116.3,99.0,84.0,116.7,246003.0,,2.3190476190476192
2024-12-01,594406.0,610483.0,105.5,120.22,120.7,116.9,86.6,88.8,115.9,234874.0,76.8,2.1966666666666668
2025-01-01,,,,,120.8,116.8,86.9,86.9,117.4,237889.0,,2.5254545454545454
2025-02-01,,,,,121.0,117.0,90.0,85.7,117.8,226791.0,,2.4395
2025-03-01,495530.0,518920.0,104.65,,121.2,117.3,103.8,87.2,118.2,219381.0,76.8,2.7738095238095237
2025-04-01,,,,,121.5,117.7,91.1,87.8,119.1,238274.0,,2.5435
2025-05-01,,,,,121.5,117.9,90.6,85.9,117.9,228049.0,,2.583809523809524
2025-06-01,511840.0,524578.0,102.71,,121.7,118.1,94.0,86.8,119.6,230034.0,76.9,2.5376190476190477
2025-07-01,,,,,122.0,118.3,91.9,84.5,119.2,243260.0,,2.6691304347826086
2025-08-01,,,,,122.2,118.6,82.8,83.2,118.8,248238.0,,2.701904761904762
2025-09-01,500009.0,550186.0,104.94,,122.5,118.9,95.1,87.4,119.0,247527.0,77.1,2.713181818181818
2025-10-01,,,,,122.8,119.3,94.1,88.5,119.7,257370.0,,2.6382608695652174
2025-11-01,,,,,123.0,119.4,99.4,93.2,119.3,253924.0,,2.6765
2025-12-01,562369.0,606150.0,106.04,123.86,123.0,119.6,87.4,98.5,119.8,247338.0,77.8,2.829473684210526
2026-01-01,,,,,123.3,119.8,85.9,87.2,120.4,230955.0,,2.8595238095238096
2026-02-01,,,,,123.4,119.9,89.9,88.6,120.1,239306.0,,2.7805
2026-03-01,,,105.15,,124.4,120.2,99.5,92.6,120.8,242183.0,77.7,2.9272727272727277
2026-04-01,,,,,124.9,120.4,90.1,89.6,120.8,244765.0,,3.02
2026-05-01,,,,,124.8,120.9,89.9,91.3,121.7,246697.0,,3.0475000000000003
2026-06-01,,,,,124.5,121.0,,,,247150.0,78.4,2.9600000000000004
2026-07-01,,,,,,,,,,,,3.0765000000000002
