date,REV_GG_TAX_TOTAL_M,REV_CG_TOTAL_M,EXP_CG_TOTAL_M,EXP_GG_SA_TOTAL_Q,REV_GG_SA_TOTAL_Q,IFO_BIZCLIMATE_M,GDP_DEFLATOR_Q,GDP_REAL_Q,HICP_TOTAL_M,IP_TOTAL_M,RETAIL_TURNOVER_M,AUTO_SALES_M,BUND_YIELD_10Y_M
1996-01-01,-1.0289505889436446,-1.4212514266456977,-9.188989270059956,,,,,,,-1.5130674002751143,-21.101774042950506,18.34975845410629,-0.09999999999999964
1996-02-01,8.101228883967382,2.4776889131736146,10.986172736611088,,,,,,0.5263157894736858,1.6759776536312998,-1.3017751479289852,-3.2317756805886666,0.45999999999999996
1996-03-01,-7.726547130149841,0.27403171167854623,-10.199217943753801,-0.0942376358679442,-0.039334777874600046,,-2.1462639109698034,-4.570455735987422,0.17452006980802626,6.868131868131866,6.594724220623505,40.749156355455575,0.04999999999999982
1996-04-01,-1.2981920445728323,-1.4075273687468193,8.54515953409123,,,,,,-0.17421602787456303,-5.0128534704370065,1.462317210348707,12.207161847524372,-0.08000000000000007
1996-05-01,-1.1697566234369239,-8.175128369033546,7.447839448152638,,,,,,0.17452006980802626,0.0,-1.9955654101995512,-19.565718030109135,0.16000000000000014
1996-06-01,2.5614048860236105,2.1251703623405227,-13.883112134283726,1.5870076766492769,-0.10563932709289903,,0.29786081776332907,1.5644298065047302,0.17421602787457413,0.0,-7.8054298642534,-6.567490185660729,-0.009999999999999787
1996-07-01,-2.3036304245992456,4.792966730190962,7.0307644537912495,,,,,,0.17391304347826875,1.2178619756427533,6.134969325153383,-3.658621343274149,-0.1299999999999999
1996-08-01,4.6838180492413395,4.1056747877701305,-0.38718495883641735,,,,,,-0.17361111111111605,-8.823529411764696,-1.965317919075149,-25.132230890054075,0.019999999999999574
1996-09-01,-3.2737889238347084,-1.2212379534189188,-3.083884279135418,0.4569525078721215,1.4064047823329817,,0.7829373650108051,2.2834752060532315,0.0,15.542521994134884,-0.5896226415094352,43.93384607298656,-0.2999999999999998
1996-10-01,0.4826656776390381,-2.8963618284299386,11.034387266649958,,,,,,0.0,2.538071065989844,6.049822064056953,-12.995398997030039,-0.08999999999999986
1996-11-01,0.735688614135066,-4.0904446298405395,-7.331730282147275,,,,,,-0.17391304347826875,-0.3712871287128716,3.0201342281878985,-9.041753229947048,-0.3799999999999999
1996-12-01,-0.04056163610458574,1.3606627913193448,6.128738256817545,0.7839829383387897,-0.008270325070247608,,1.232252879721396,2.1136063408190076,0.34843205574912606,-10.310559006211173,13.57220412595006,-10.408511685495226,0.14999999999999947
1997-01-01,-0.360210802540184,-3.259087365819857,-4.865240711488661,,,,,,0.694444444444442,-0.969529085872578,-18.546845124282974,14.194174173916396,-0.07999999999999918
1997-02-01,-0.9052775619963871,2.1711101540994093,-5.897439742468524,,,,,,0.34482758620690834,0.5594405594405716,-7.511737089201887,-2.437337683082208,0.09999999999999964
1997-03-01,0.40866464014173154,3.3935412127477305,8.099857578141002,-0.7048324964982422,0.45835342467712703,,-2.2889653347446415,-5.588615782664929,0.0,4.311543810848395,9.137055837563457,32.29898607001973,0.3899999999999997
1997-04-01,-2.11159179973871,0.4054532538661171,1.0903646683028123,,,,,,-0.3436426116838587,8.266666666666666,5.348837209302326,2.1390280903947456,-0.05999999999999961
1997-05-01,1.2173538040929577,-2.094860833404266,-1.5839144121093884,,,,,,0.34482758620690834,-12.93103448275862,-4.856512141280344,-16.56712460765224,0.1200000000000001
1997-06-01,0.28336908893586976,3.2462012118379624,-5.342246854426158,0.30075089279977263,-0.28022761796543394,,0.27081922816520887,4.0833104960263045,0.1718213058419238,14.851485148514843,-4.988399071925754,17.608829358299726,-0.28000000000000025
1997-07-01,0.7947932197723606,3.8965020577589105,-2.384102765727747,,,,,,0.34305317324185847,-1.8472906403940836,4.029304029304015,-5.1715021179916,-0.20000000000000018
1997-08-01,-2.361713095171636,-6.692349572559353,-3.091652217489038,,,,,,0.17094017094017033,-15.934755332496863,-7.7464788732394485,-25.452061006023396,0.16999999999999993
1997-09-01,2.9534877114199665,-2.887589413942371,4.340612170169145,-0.2753793428184381,1.1468300565118383,,1.1748818365969083,1.2769878883623242,-0.34129692832765013,23.432835820895527,6.743002544529286,14.091731053756362,-0.20999999999999996
1997-10-01,-0.6765306782577918,-0.3366924518636738,0.814760009043991,,,,,,-0.171232876712335,1.9347037484884977,6.674612634088195,11.129722486383686,0.07000000000000028
1997-11-01,-1.0182166786482982,12.880953928879535,-3.745865411670679,,,,,,0.0,-2.016607354685651,-2.346368715083791,-18.737783828463073,-0.08999999999999986
1997-12-01,4.591062038237093,0.08378915247850838,9.675539972253677,-0.8354829151396848,0.3626535725622215,,1.1345435130806214,2.1578057974782183,0.17152658662091813,-6.779661016949145,19.107551487414163,5.6873209997686525,-0.21999999999999975
1998-01-01,-1.9893140090483152,14.377435716962573,-1.0764599684430998,,,,,,0.0,-4.675324675324665,-19.692603266090302,-1.2492640287443901,-0.25
1998-02-01,-0.17861702271939617,-21.24238831623465,0.1690895301375006,,,,,,0.34246575342467,3.133514986376018,-6.100478468899517,7.109988304808779,-0.14000000000000057
1998-03-01,2.8295099932442724,4.635871207780107,2.8589144120455323,2.0306583580435023,0.18221701755967157,,-2.124851524350002,-3.0538236416847053,-0.34129692832765013,14.927344782034346,12.73885350318471,55.512062487288084,-0.03000000000000025
1998-04-01,0.917710733919308,-24.764348418484193,-5.809909591686413,,,,,,0.1712328767123239,-8.045977011494255,0.225988700564983,-31.3433726231641,0.1900000000000004
1998-05-01,-1.6313302539448071,78.51253491175714,-2.0371605767991685,,,,,,0.34188034188034067,-3.749999999999998,-3.382187147688842,6.553706303054607,-0.17999999999999972
1998-06-01,-0.3162957486051221,-25.1374873217327,31.63951142423258,-0.15331918606281691,1.7729356828854126,,0.8764832793959121,0.7218795117469368,0.17035775127767216,5.844155844155852,-6.417736289381559,7.7304519649970205,-0.07000000000000028
1998-07-01,2.5669663150286848,4.611870631138282,-25.960109402649856,,,,,,0.3401360544217802,1.8404907975460016,7.980049875311712,-5.9386800280659235,-0.16999999999999993
1998-08-01,-1.2576999187011828,-1.6181618584787505,11.355019719491132,,,,,,-0.16949152542372614,-14.337349397590371,-7.852193995381063,-20.761795102745772,-0.40000000000000036
1998-09-01,1.9466650541780428,-8.212216166841667,-1.7737220142855836,1.0763280126788954,-0.25569929252664547,,0.7619302232321878,2.7886369559551705,-0.3395585738539819,19.83122362869201,5.513784461152893,18.189311021007647,-0.25
1998-10-01,0.594988550994513,10.774064457599142,-1.453427437358279,,,,,,-0.17035775127768327,1.0563380281690016,5.463182897862229,8.173065800302082,0.1900000000000004
1998-11-01,-1.0939392447373075,15.263381360418027,2.6655858955268785,,,,,,0.0,-0.9291521486643362,1.3513513513513598,-9.210011732499023,-0.16999999999999993
1998-12-01,1.9399477894845862,-9.307873007969192,-10.596945018924087,0.1750484591566348,1.6601116373089697,,1.2337490050411404,2.2565922920892545,0.0,-7.97186400937866,17.888888888888886,-2.1887788068059466,-0.10000000000000053
1999-01-01,1.3684693199554232,2.226585269075265,11.02209201637665,,,,,,-0.17064846416382506,-8.789808917197462,-23.46842601319509,-5.954625526409951,-0.24999999999999956
1999-02-01,-2.509196812248382,-7.818369878314424,1.3211065513807352,,,,,,0.17094017094017033,4.748603351955305,-3.078817733990147,-1.4930069034648996,0.36999999999999966
1999-03-01,3.1425985014718494,8.610502094792217,-2.6287487914706142,1.4745879513273108,1.5987842703520272,,-1.7035775127768327,-3.4217703942474476,0.17064846416381396,17.866666666666674,17.40787801778907,59.65832281066628,0.03000000000000025
1999-04-01,2.9485323419009335,0.8653800998101424,1.9366806619800059,,,,,,0.5110732538330387,-9.728506787330327,-6.818181818181834,-14.367661015687517,-0.20000000000000018
1999-05-01,-3.2322517578957655,-9.423676162264648,-0.7231297663958913,,,,,,0.0,-3.759398496240607,-3.1358885017421456,-9.359193763072826,0.28000000000000025
1999-06-01,1.4134150829817616,9.798164254833598,6.3113883733350695,0.6654082610324741,1.1531209114769903,,0.5865884548726719,0.8985879332477298,0.0,10.416666666666675,-1.7985611510791366,8.854997063019221,0.4299999999999997
1999-07-01,0.4455724749479417,-5.692923160989583,-1.9317509502363328,,,,,,0.5084745762711895,-5.424528301886788,3.663003663003672,-6.105890871448116,0.20000000000000018
1999-08-01,1.9615142802364316,-3.31659872904565,3.4331081851506795,,,,,,0.0,-6.733167082294267,-5.771495877502952,-22.95268952777493,0.17999999999999972
1999-09-01,-1.1369439081220567,17.101788902664495,8.423246271544404,0.8681532455623975,1.1555035921170687,,0.38436050364478724,2.8244274809160252,-0.3372681281618828,16.443850267379666,2.750000000000008,17.587130755120526,0.20000000000000018
1999-10-01,-3.1026570819902233,-4.592513980603963,-17.067423396753846,,,,,,0.0,-1.6073478760045834,6.447688564476883,-5.17640357435295,0.03000000000000025
1999-11-01,5.07363711795088,-1.8908876754605175,24.064508580637956,,,,,,0.0,4.784130688448074,3.4285714285714253,-6.350837073570315,-0.040000000000000036
1999-12-01,1.030796095064379,13.70299344555801,-14.525009194002102,0.10980635990587295,1.030062556948086,,0.6205439662001488,2.0910665676812767,0.50761421319796,-7.015590200445432,17.12707182320441,3.68797789910269,0.1299999999999999
2000-01-01,-2.809832446970273,-17.418915172635295,0.8298141749223831,,,,,,0.16835016835017313,-9.700598802395199,-24.62264150943396,-17.640607809572685,0.2599999999999998
2000-02-01,4.351644723921511,11.728017882479946,0.0538147227929775,,,,,,0.1680672268907557,10.079575596816959,3.379224030037542,16.591694763347697,-0.10999999999999943
2000-03-01,-1.691029152893797,-0.6533215530902803,-2.4658298123328426,-0.02202278626408649,-0.7580114314710618,,-1.810785986091057,-2.642103987395472,0.0,10.60240963855421,7.748184019370474,41.34216248270408,-0.29000000000000004
2000-04-01,-2.1239412443792016,-9.312829864102767,0.20251710509424647,,,,,,0.0,-13.834422657952071,-0.6741573033707815,-28.652748966013775,0.16000000000000014
2000-05-01,11.320173849360504,15.365946681132892,5.90846137300598,,,,,,-0.1677852348993314,14.791403286978522,3.6199095022624306,27.643734278070788,-0.11000000000000032
2000-06-01,-4.054031449144501,2.7364528464701054,-8.747959393285043,0.37999426767678646,1.7464754997343235,,0.06681812107443008,0.5850865181127762,0.5042016806722671,-8.370044052863435,-12.117903930131002,-16.712498613666547,-0.03000000000000025
2000-07-01,-8.226583895412798,-11.322338606552329,5.3018197696598435,,,,,,0.33444816053511683,-0.24038461538461453,2.7329192546583947,-5.577749096893592,-0.009999999999999787
2000-08-01,0.8342849202221725,-1.7663169564912318,-1.5474856555442784,,,,,,-0.16666666666667052,-1.6867469879518149,1.0882708585247869,-9.120495259309614,0.03000000000000025
2000-09-01,6.292849785833621,5.699888152940402,1.6137481110872764,0.23514697709294818,-0.6268035578206654,,0.8547008547008517,1.1881188118811892,0.16694490818029983,10.171568627450988,0.9569377990430672,7.589129396784977,-0.05000000000000071
2000-10-01,-4.257808531827112,-4.770492539936488,1.930395034100596,,,,,,-0.16666666666667052,0.0,2.369668246445489,-4.038196255080573,0.0
2000-11-01,-0.17132445047199907,-1.1223447615391735,3.6057812973992798,,,,,,0.16694490818029983,5.22803114571746,5.208333333333326,2.559023254738424,-0.16999999999999993
2000-12-01,-0.20294632366438803,-0.8640872564364632,-3.3152099634108256,2.1027352647930764,0.38070436689094933,,0.8342161016949179,0.6971624266144838,1.0000000000000009,-10.993657505285404,14.411441144114413,-9.489542075952407,-0.17999999999999972
2001-01-01,8.915544234017325,12.363941444574822,1.0350398483369494,,,,,,-0.660066006600657,-0.23752969121140222,-18.846153846153847,0.5733597386044176,-0.07000000000000028
2001-02-01,-9.18495986271408,-4.188117765578814,-5.565697624559396,,,,,,0.6644518272425293,-0.4761904761904856,-6.872037914691953,-2.5148405313694555,-0.05999999999999961
2001-03-01,1.376838321750129,-3.7145632296862185,1.3327175739026087,-0.4463058527224284,-0.42499995682639957,,-0.8010505581089955,-0.7409206850479744,0.0,12.08133971291867,14.503816793893144,50.761803938174886,-0.009999999999999787
2001-04-01,-2.2257897019273387,0.29034810731149996,2.080062108299563,,,,,,0.4950495049504955,-11.52614727854856,-2.111111111111119,-17.136766060715004,0.33999999999999986
2001-05-01,-1.0967023373780749,-4.9116023889472,-2.6290114821879373,,,,,,0.3284072249589487,6.151990349819059,1.589103291713978,11.969642015775573,0.1899999999999995
2001-06-01,2.806960405926273,4.582720796073736,-0.24541590933587765,0.19275521358912417,0.08671647319138387,,0.27799841143762993,0.0,0.16366612111293755,-2.954545454545443,-8.491620111731834,-8.380231590100662,-0.1299999999999999
2001-07-01,-0.9959047418882205,24.861655708593556,-0.1441097136120728,,,,,,0.32679738562091387,-1.5222482435597318,1.46520146520146,-8.38975294323675,-0.13999999999999968
2001-08-01,0.5041725171606615,-11.960153658666917,4.031580342806618,,,,,,-0.32573289902279035,-2.9726516052318686,0.6016847172081841,-7.5144633762786235,-0.1200000000000001
2001-09-01,-4.525002810587253,-20.893028774710608,-6.532317957356981,0.6596214424402724,-1.2300680051783863,,1.2277227722772288,1.517376407244253,-0.16339869281045694,5.024509803921573,-1.9138755980861122,0.5849823335335236,0.03000000000000025
2001-10-01,1.1530174526416026,8.399869505408564,13.908574644733275,,,,,,-0.327332242225864,4.900816802800478,6.585365853658542,10.235423661783983,-0.3700000000000001
2001-11-01,-0.6977320979752455,-0.9473714659648635,-6.302792366209498,,,,,,-0.16420361247947435,0.5561735261401468,5.148741418764291,-2.4884196161326977,0.14999999999999947
2001-12-01,-3.6830351526683236,4.6789878212170954,-5.51460533621354,1.7444878617500326,-1.1878944492098698,,1.3693270735524177,1.4223722275795714,1.1513157894736947,-15.044247787610631,10.990206746463539,-18.42000851241875,0.35000000000000053
2002-01-01,14.632106416783653,7.647477370679345,6.191246335087186,,,,,,0.0,5.338541666666674,-21.568627450980394,7.616260047573986,-0.040000000000000036
2002-02-01,-9.947310332957827,-10.65070537981363,0.9156529503154154,,,,,,0.3252032520325354,-1.359703337453655,-5.249999999999999,-4.157354149548064,-0.009999999999999787
2002-03-01,-2.2120825388692866,-1.1307613613361522,-0.010647871046531865,-0.15240872260594562,0.3646187173168114,,-0.9520133796475094,-4.219158545281665,0.16207455429497752,6.892230576441105,13.720316622691309,37.96237156047857,0.27999999999999936
2002-04-01,2.9253766526937675,5.184179670635802,1.24720540987322,,,,,,0.0,2.2274325908558046,0.5800464037122977,-5.441834451901562,-0.11999999999999922
2002-05-01,1.361636074318473,2.6681519921313512,-2.6907257329503165,,,,,,0.0,-7.224770642201827,-1.4994232987312506,-7.128539789567768,0.03999999999999915
2002-06-01,-6.590645302900178,-12.052986856087887,2.164497105032326,0.5382404998743207,0.8240768386495789,,-0.1558643979737484,1.7371882367539282,0.0,6.79851668726823,-7.377049180327877,9.134846726485325,-0.1999999999999993
2002-07-01,8.562884645242598,13.860508096928449,0.4774044797534627,,,,,,0.3236245954692629,0.694444444444442,6.573957016434906,-8.393580807262113,-0.08999999999999986
2002-08-01,1.375313805786016,9.061018695812395,-4.41845467675297,,,,,,-0.1612903225806428,-9.540229885057471,-2.7283511269276306,-13.545087768969422,-0.28000000000000025
2002-09-01,-4.224885319365523,-5.115054978494705,4.817005653885409,0.5854758917128944,1.7445693564653642,,1.4049694289059333,2.4271252591779646,-0.1615508885298933,12.325285895806859,-0.3658536585365857,8.890362565343214,-0.21999999999999975
2002-10-01,8.01509873788062,0.1772103121845392,-1.4946181659983848,,,,,,-0.16181229773462036,2.714932126696823,7.833537331701335,5.658540253002764,0.21999999999999975
2002-11-01,-6.891111506142533,-8.410490950749239,-1.9065276990272273,,,,,,-0.32414910858995505,-0.6607929515418443,0.6810442678774287,-8.71460237603049,0.009999999999999787
2002-12-01,3.6120946082536243,4.237980470788405,2.4835521080964096,1.2551387867937747,0.026046116334965674,,0.6799230275817747,0.5477494641581204,1.1382113821138296,-12.527716186252768,12.288613303269447,-10.939960399744308,-0.3099999999999996
2003-01-01,-3.6336342898263263,-7.854774529861341,0.06417838191634662,,,,,,-0.1607717041800627,3.041825095057016,-19.87951807228916,4.062215531125268,-0.1900000000000004
2003-02-01,0.111455499598212,5.656706487448604,3.510195740661093,,,,,,0.6441223832528209,1.4760147601476037,-5.889724310776945,-3.0957447703319874,-0.04999999999999982
2003-03-01,-1.556522150987616,-2.1472882499095958,-0.6776846766156086,-0.5343297647244505,-0.000314340848805994,,-0.44597349643222817,-4.725248697299856,0.16000000000000458,6.909090909090909,10.519307589880178,38.29665345872917,0.08999999999999986
2003-04-01,2.692955708123601,11.528618623752674,2.3397253158480513,,,,,,-0.31948881789137795,-3.6281179138322073,5.301204819277117,-9.825236381210011,0.11000000000000032
2003-05-01,1.1424354813549753,-3.6616623262098247,-3.337259763029954,,,,,,-0.32051282051280827,-2.0000000000000018,-1.1441647597253968,6.1259787715329805,-0.4600000000000004
2003-06-01,-1.9691796961631036,-7.287124216045737,2.908522405970637,0.5941484898162042,0.3984961762264483,,-0.12799180852425263,1.24300807955251,0.3215434083601254,-0.600240096038418,-10.300925925925931,-1.895046121861399,0.18999999999999995
2003-07-01,3.8342784124714813,7.835588640743696,-2.597421541455791,,,,,,0.1602564102564097,6.763285024154597,7.354838709677414,-3.7068729234492337,0.16000000000000014
2003-08-01,-4.666046549410352,-9.359233460919869,9.081245868676646,,,,,,0.16000000000000458,-15.837104072398189,-5.649038461538469,-20.85606975743186,0.08999999999999986
2003-09-01,2.886824904680796,-0.9681133295924904,-6.381066350595599,0.5920063586227764,-0.0577654622044288,,1.2559272074843086,2.9343155310006086,-0.15974440894569453,20.0268817204301,5.095541401273884,25.09067942684462,-0.08000000000000007
2003-10-01,1.5844023875723812,14.22404301816671,-4.009843468383945,,,,,,-0.16000000000000458,3.023516237402024,6.303030303030299,-5.639393004403804,0.2599999999999998
2003-11-01,0.28580105973234904,20.440040653106294,-4.517529797770747,,,,,,-0.1602564102564097,-2.2826086956521663,-2.736602052451542,-4.800389411572359,0.09000000000000075
2003-12-01,-0.2562453331565129,-21.255074739283497,1.727961487214591,-0.7580032097034506,2.4591941236895787,,0.2657891406151025,1.1211832061068572,0.9630818619582593,-7.675194660734153,16.998827667057448,-9.453367420620207,-0.14000000000000057
2004-01-01,-0.044596605618651974,-14.416894718348871,5.11994287439641,,,,,,0.0,-3.1325301204819245,-19.238476953907824,-10.247645321895815,0.010000000000000675
2004-02-01,-2.184553541595069,16.864776254627767,3.7593255284047,,,,,,0.15898251192369983,3.482587064676612,-4.83870967741934,7.626841872706658,-0.23000000000000043
2004-03-01,-9.279423328875813,-13.332945839797915,-4.308442098782262,0.051816200743748375,-2.767846479671654,,-0.39131532441303296,-3.1729181410710017,0.31746031746031633,15.865384615384626,14.602346805736644,48.58317119754388,-0.07000000000000028
2004-04-01,17.92073765364075,13.34257367192171,-7.192404273789754,,,,,,0.31645569620253333,-9.024896265560168,1.2514220705347023,-10.763057757168216,0.22000000000000064
2004-05-01,-9.211161821843906,-4.5739080387176445,11.588333227382797,,,,,,0.3154574132492094,-3.6488027366020526,-7.86516853932584,-4.901624226759016,0.08999999999999986
2004-06-01,3.570247002350846,2.640639057156924,-2.1444693324196296,-0.8156705004457199,-0.4254299692211916,,0.3168166265365535,1.0110853940796583,0.0,9.112426035502953,0.4878048780487809,10.121672411718485,0.0
2004-07-01,-6.003603693499615,-6.796006619588136,-0.9773146430909652,,,,,,0.3144654088050203,-3.7960954446854656,3.033980582524265,-13.993353944247689,-0.10000000000000053
2004-08-01,4.924137499746206,3.788580059050739,-3.8066055656554965,,,,,,0.15673981191222097,-8.568207440811737,-6.360424028268552,-17.471788356625062,-0.17999999999999972
2004-09-01,-0.19862442725442353,17.424432525928644,0.27872879629196046,-0.0233967376321087,0.7151208981483581,,0.922182920667014,1.0009647853352677,-0.46948356807511304,15.906288532675728,4.9056603773584895,24.30295840841792,-0.08000000000000007
2004-10-01,-1.9599083625610136,-11.493006586612697,-0.9420625611468281,,,,,,0.3144654088050203,-1.5957446808510634,3.3573141486810565,2.4193372137919056,-0.1200000000000001
2004-11-01,4.9696150909632975,19.943394434316385,1.1092938361586535,,,,,,-0.470219435736674,2.5945945945945903,3.248259860788849,1.2735614197311396,-0.10999999999999988
2004-12-01,-2.2126440325260344,-9.413718273309279,-6.602376265136279,-0.9703531542813892,2.58900483765212,,0.21279258981099503,1.5402985074626896,1.2598425196850283,-7.586933614330881,13.932584269662929,-1.0580802848704662,-0.10999999999999988
2005-01-01,-3.600662881090211,-37.583755409420306,11.9483932246355,,,,,,-0.6220839813374734,-5.587229190421894,-21.992110453648927,-28.86586595113364,-0.1499999999999999
2005-02-01,5.654931445383582,63.61386853585949,1.4398521527735575,,,-0.2152200000000022,,,0.3129890453833939,2.1739130434782483,-4.424778761061942,9.191743297791133,0.13999999999999968
2005-03-01,-2.8190905414396505,-5.516974628601057,4.303812993685563,2.085148128550185,-0.9306924326632937,-1.9026499999999942,-0.537097177117174,-4.397930385700855,0.46801872074884177,10.520094562647753,14.021164021164022,51.49720573384329,0.0
2005-04-01,-0.499508925516734,0.31153709953761766,-5.6910049604116715,,,-0.14764000000000976,,,0.0,-0.6417112299465177,1.044083526682127,-6.684000024129966,-0.27
2005-05-01,2.401874057547082,-0.7275083132371796,2.470689555914052,,,-0.5803099999999972,,,0.31055900621115295,-7.42734122712595,-4.018369690011481,-3.0338291669090856,-0.1499999999999999
2005-06-01,-1.8866143273639668,9.553598080353364,10.800719444437012,0.41042903103261086,-0.8949186374785367,-0.018839999999997303,-0.21348737912847415,3.0135301353013677,0.1547987616099311,13.604651162790704,-1.1961722488038284,12.212659004240113,-0.11999999999999966
2005-07-01,-0.4363404204121957,13.412879154015167,-18.47321057976553,,,1.8066500000000048,,,0.46367851622874934,-9.007164790173993,-1.573849878934619,-19.5149556336501,0.019999999999999574
2005-08-01,3.0775555110121866,7.935519438577221,14.248641989797516,,,0.8830499999999972,,,0.15384615384614886,-4.49943757030371,0.8610086100861114,-8.957835060678532,-0.04999999999999982
2005-09-01,0.8279785250825178,-29.881253862842204,-0.37025288854386496,-0.48200866687868604,1.3771051165558434,0.8846300000000014,0.8683614397181127,0.8238805970149254,0.3072196620583778,15.665488810365137,1.097560975609757,15.20517623020603,0.04999999999999982
2005-10-01,-0.03778329643748801,19.22995413000599,-4.049415103598619,,,1.511960000000002,,,0.15313935681471325,-4.480651731160901,1.6887816646562026,1.5575074250805843,0.23000000000000043
2005-11-01,-0.34481886296945374,-9.898913586735148,5.055771765030803,,,0.48534999999999684,,,-0.6116207951070374,6.823027718550123,3.7959667852906387,-4.636553267867416,0.0
2005-12-01,3.399181584715283,4.385732452076763,-29.91879860002844,-0.09852313392462175,0.472432588507532,0.12913000000000352,0.4242046163443369,1.4329701563240205,0.9230769230769154,-7.984031936127744,13.942857142857147,-6.665285938005283,-0.15000000000000036
2006-01-01,-2.627436550483686,-7.253461536839911,37.559299780806946,,,1.5037299999999902,,,-0.45731707317072656,-3.0368763557483747,-19.859578736208626,-13.144627890046834,0.2200000000000002
2006-02-01,1.9457747050415586,7.234603703266407,1.158443256974917,,,1.1610299999999967,,,0.3062787136294043,0.0,-5.256570713391739,-3.2024848952077023,0.020000000000000018
2006-03-01,-0.29106317665104076,4.602421577997684,-6.762157049776151,0.9355626306384979,2.173293250205144,0.3736900000000105,-0.8572493477450593,-1.6345592527729158,0.15267175572517555,15.883668903803127,13.342140026420068,65.80247542403097,0.2599999999999998
2006-04-01,2.053315396575006,-9.108557116040517,-2.519152085140508,,,-0.11092000000000724,,,0.3048780487804992,-14.478764478764482,-1.2820512820512775,-20.44253669653031,0.2400000000000002
2006-05-01,1.823758261137387,10.028020743258281,8.556802244206786,,,0.9257500000000078,,,0.1519756838905817,10.270880361173829,2.125147579693021,15.876899530668043,-0.04999999999999982
2006-06-01,-1.1854343922338417,-2.4865951809227904,-4.372298525209805,-0.04557456229860035,0.6958690194706518,0.1461800000000011,-0.025062656641594572,1.2818991097922838,0.3034901365705389,-0.7164790174002067,-5.433526011560696,-1.916377362148669,0.13999999999999968
2006-07-01,3.108366944074037,-5.749473672625682,0.5656591759175544,,,-0.22056000000000608,,,0.4538577912254427,-3.402061855670102,-1.1002444987774918,-17.892308262502464,-0.16999999999999993
2006-08-01,-2.5992204608389025,6.75130333832672,5.513333269711995,,,-0.1587600000000009,,,-0.1506024096385672,-1.6008537886872953,1.606922126081578,-7.932441836408433,-0.1299999999999999
2006-09-01,2.4400043167340124,12.283546280563606,-4.314270569087308,-0.022011709209945884,1.0997251273520359,0.4012600000000077,0.9526197041865192,1.8633540372670954,-0.6033182503770607,9.219088937093268,-0.8515815085158196,21.826546329624886,-0.14000000000000012
2006-10-01,2.459703900330412,-16.622967569861956,3.6534166844334415,,,0.35157999999999845,,,0.15174506828528056,-0.19860973187686426,2.4539877300613577,-1.4578491443059338,0.10999999999999988
2006-11-01,-2.069537322617654,10.686769436784015,2.0949839884865984,,,1.3953799999999887,,,-0.15151515151514694,6.169154228855733,3.83233532934133,10.960685017288796,-0.06999999999999984
2006-12-01,1.6611083757578804,-0.9181704224767051,0.23004342019534718,0.46170704085954917,1.1564789965727407,1.0070300000000003,0.5587285820709997,3.0602853198343327,0.9104704097116834,-11.62136832239925,15.455594002306805,-6.938455026714674,0.2200000000000002
2007-01-01,2.1095145634125068,12.580875421952742,1.6814761258457267,,,-0.32459999999998956,,,-0.15037593984961184,1.4846235418876086,-21.87812187812187,-34.18738629472408,0.16000000000000014
2007-02-01,5.711053128883248,-6.67920063998817,-9.257243435927942,,,-1.4089400000000012,,,0.45180722891566827,-0.4179728317659448,-3.9641943734015417,-8.226916258525884,-0.14000000000000057
2007-03-01,-2.4193303208166372,3.875732406589316,6.266547144791579,-0.003573210307028507,2.5837928237790964,0.6601100000000031,0.4321521175453924,-2.132172359901763,0.2998500749625155,13.746065057712498,15.845539280958732,82.57975095220947,0.10000000000000053
2007-04-01,2.0174450958377887,-5.583691409557801,1.1963571382535454,,,0.3394699999999915,,,0.2989536621823552,-11.162361623616246,-3.3333333333333437,-20.837617157612854,0.16999999999999993
2007-05-01,-0.7860299400236914,4.657305269284384,-1.8530444718693029,,,0.08427000000000362,,,0.29806259314455463,4.361370716510904,-2.021403091557661,10.80261712305235,0.16000000000000014
2007-06-01,0.5216286557594874,-1.4061166714868678,-0.073350470809741,-0.4549807706928699,0.552703588143677,-1.2335999999999956,-0.1721170395869165,0.3193794912740966,0.0,2.7860696517412853,-2.669902912621358,2.5977566068337676,0.16999999999999993
2007-07-01,-1.7020422190734852,3.037556875159475,3.9772932570822928,,,0.2496799999999979,,,0.5943536404160454,-1.0648596321393922,-1.371571072319211,-14.104241667441586,-0.1900000000000004
2007-08-01,0.9311132526997001,-4.10035071253676,-2.4418196380441626,,,-0.3501100000000008,,,-0.1477104874446189,-4.892367906066541,2.149178255372952,-7.445899496982278,-0.05999999999999961
2007-09-01,2.1397605753657123,-0.3993673702960554,-3.3739149343640307,0.7986760003821036,0.28468846636042766,-0.5525700000000029,1.1206896551724022,1.796475270039788,0.14792899408284654,6.584362139917688,-3.094059405940597,10.89977901337198,0.0699999999999994
2007-10-01,-1.7925181619519837,-0.5840567973781408,5.303150492922071,,,0.5647500000000036,,,0.1477104874445967,7.3359073359073435,7.918263090676891,6.167105506021331,-0.13999999999999968
2007-11-01,0.6223950724794314,7.392945329935396,-10.115762094857772,,,-1.1230800000000016,,,0.5899705014749346,0.629496402877705,-0.2366863905325478,0.7365750678564487,-0.08000000000000007
2007-12-01,0.4954867329687973,-7.799439653615869,30.66672721181398,1.1161622961549877,1.097753762922804,0.10697999999999297,0.34100596760442414,1.865296548642914,0.586510263929596,-15.460232350312786,9.72716488730725,-14.798482676519175,0.25
2008-01-01,3.084139997254298,5.833663328536365,-12.715635098276712,,,-0.6567199999999929,,,-0.2915451895043608,7.082452431289643,-14.702702702702696,-8.74847564126413,-0.3600000000000003
2008-02-01,0.8646659902667331,12.053887557660614,-2.1958654684022805,,,-0.01295000000000357,,,0.43859649122806044,2.270483711747273,-1.7743979721166148,3.570231310760974,0.0
2008-03-01,-0.7957893012496942,-11.758172089074414,-4.392671821376249,1.732862729450102,1.1288619783168974,-0.0038100000000014234,-0.2548853016142605,-2.6315789473684292,0.5822416302765587,-1.061776061776054,3.35483870967741,25.336908360051268,0.020000000000000462
2008-04-01,0.8489550025515546,1.978428001372956,10.242206326218394,,,-1.0693199999999905,,,-0.28943560057885787,9.365853658536572,4.8689138576779145,10.961825028180172,0.20999999999999996
2008-05-01,-1.3042719867609964,4.558620377726874,-3.208245476788596,,,-0.28318000000000154,,,0.7256894049346929,-11.061552185548607,-0.952380952380949,-13.42967668889169,0.21999999999999975
2008-06-01,1.3605447627400569,-6.867794443327835,1.2180696885381481,0.7123522514872915,0.7440218536407972,-1.1313200000000023,-0.267705037722088,1.114864864864873,0.28818443804032867,8.32497492477431,-7.8125,10.454517381811312,0.16999999999999993
2008-07-01,-0.6579464117054457,2.337992978046999,6.199690237942979,,,-3.2661000000000087,,,0.5747126436781658,-2.2222222222222254,4.693611473272474,-13.65035719454275,-0.16000000000000014
2008-08-01,1.6560090141412909,11.075841597364654,-6.348531545464697,,,-0.8727599999999995,,,-0.28571428571428914,-12.49999999999999,-3.3623910336239127,-18.339719807720144,-0.29000000000000004
2008-09-01,-2.1883626985341964,-10.725419998426666,1.51690911885487,-0.39887231733874984,0.21915923241229152,-0.3550599999999946,1.024890190336758,-0.5234435906003032,-0.14326647564468775,18.181818181818187,4.252577319587636,21.922140438274894,-0.019999999999999574
2008-10-01,-1.6204154439460772,3.043477011446516,-0.5290876944934242,,,-4.07432,,,-0.2869440459110528,-1.9230769230769273,4.0791100123609425,-0.9832277415603108,-0.16999999999999993
2008-11-01,3.233953986288496,5.590212649623161,-3.165060486497595,,,-2.750860000000003,,,-0.575539568345329,-7.469654528478054,-2.8503562945368266,-9.67567442255829,-0.5500000000000003
2008-12-01,-2.546361731195901,-5.526769991617386,2.44086894001998,2.701008935971383,-0.002072565112742897,-3.4651800000000037,0.5314009661835817,0.022391401701749025,0.4341534008683201,-12.00807265388496,16.381418092909538,-3.3327344592166686,-0.25
2009-01-01,3.844535805791094,0.8284150282565905,-0.2812710755917269,,,0.84893000000001,,,-0.5763688760807018,-8.944954128440363,-20.168067226890763,-16.194281820153023,0.3700000000000001
2009-02-01,-7.1440658095398675,3.9767676378027916,-4.672841349339107,,,-0.36593000000000586,,,0.7246376811594235,-0.37783375314862644,-6.842105263157894,46.65364205190485,-0.1499999999999999
2009-03-01,-0.36044893664374245,-0.6433175010287728,10.208761183685255,0.10238957415398264,0.11901589739484741,-1.6620300000000015,0.48053820278712855,-6.1114842175957085,-0.2877697841726645,13.147914032869789,10.875706214689274,44.367033916612655,-0.06999999999999984
2009-04-01,-1.4225822959240797,-15.810347363852317,-1.575176130496403,,,1.8300100000000015,,,0.14430014430015792,-10.279329608938548,6.369426751592355,-5.321910889977932,0.17999999999999972
2009-05-01,-0.582169203382632,16.007708791514276,-8.038226377723923,,,0.5052699999999959,,,-0.14409221902018654,0.12453300124533051,-5.508982035928134,1.3044417400283503,0.3200000000000003
2009-06-01,-1.15482487154831,-2.849068341698191,9.7533288473727,1.960039741117825,-2.2167640536446043,1.710560000000001,-0.1434720229555264,-0.011921793037661388,0.43290043290042934,7.462686567164178,-5.956907477820028,11.05965499846584,-0.18999999999999995
2009-07-01,1.9965107726589881,-1.7136341130630561,-2.833754184944326,,,1.3556700000000035,,,-0.1436781609195359,0.578703703703698,6.064690026954178,-20.401019875395388,-0.08000000000000007
2009-08-01,-1.6889893997306338,-5.208288040757281,-1.861329246660326,,,2.425530000000009,,,0.2877697841726645,-11.507479861910241,-5.844980940279553,-19.04752100148246,-0.16999999999999993
2009-09-01,1.3302457493367337,4.763017488326393,12.238417665523338,1.6540987237015026,-0.5828712087483479,1.763629999999992,1.1613984674329503,2.6111839751997046,-0.43041606886656814,23.27698309492847,4.183535762483137,14.877969907600864,0.0
2009-10-01,0.3470334818174381,-6.519124932834231,-0.11053593067683609,,,0.26896999999999593,,,0.14409221902016434,-1.0548523206751037,5.958549222797926,1.5668984014726384,0.09999999999999964
2009-11-01,0.4386887122669325,3.1210645157004,4.854670296958741,,,1.2559200000000033,,,-0.2877697841726645,0.2132196162046851,-3.9119804400978064,-12.890819631290483,-0.18999999999999995
2009-12-01,-0.618397574232521,-5.269761288816022,-8.653515886014596,1.1396213268023425,-0.06134673235081989,0.15860999999999592,0.6272931707894447,2.0102254241227024,1.0101010101010166,-9.468085106382985,18.193384223918585,-22.93717043524891,0.22999999999999998
2010-01-01,0.9130425019134192,7.540363487141222,-4.0075644204917715,,,-0.3108799999999974,,,-0.7142857142857117,-5.287896592244423,-22.282023681377826,-15.946540238629826,-0.16999999999999993
2010-02-01,-2.1000753471253852,-7.476388257169331,4.029845301918633,,,0.02894000000000574,,,0.4316546762589857,5.210918114143914,-1.3850415512465353,7.537433287892759,-0.06999999999999984
2010-03-01,-3.47948756552231,6.512000388882688,2.9689406006136343,-0.43463761128776923,-0.5916509560489613,1.5244100000000032,-0.5998588567395768,-2.346508713976536,0.5730659025787954,19.693396226415103,17.41573033707864,51.08085359719985,-0.020000000000000018
2010-04-01,9.967972193284535,4.694112424891017,-1.7408051433337346,,,3.3266500000000008,,,-0.14245014245015675,-9.55665024630542,-4.1866028708133936,-11.87634819532909,-0.10000000000000009
2010-05-01,-3.1910603342797716,-10.931745177139685,4.7632616248287185,,,0.009549999999990177,,,0.14265335235379428,-0.8714596949891074,-1.9975031210986205,-3.7415097103471684,-0.3799999999999999
2010-06-01,-1.5388556673519238,29.81192488537161,14.267677421327797,0.564941060157409,2.984909650538925,0.6473700000000093,-0.8046385043190218,1.9129826198530209,0.0,8.241758241758234,-0.127388535031836,15.83889983500728,-0.07000000000000028
2010-07-01,-0.923994522283722,-17.715327996043705,-26.132552012873155,,,2.276759999999996,,,0.2849002849002913,-4.365482233502538,3.9540816326530503,-17.91854358896352,0.10000000000000009
2010-08-01,3.3357839584920557,-2.9567304077497303,14.557214464068569,,,1.2865800000000007,,,0.0,-5.732484076433131,-6.380368098159517,-15.391192277237732,-0.6499999999999999
2010-09-01,-0.8660522301449425,2.67229020034343,-4.785544819069654,9.442732171007929,0.3040839897161751,0.8756899999999916,1.5507574853870887,2.3120064095227155,-0.14204545454546968,15.990990990990994,3.145478374836186,29.301839360828332,0.1499999999999999
2010-10-01,1.3740895203423475,5.954664243873298,2.2461035646016425,,,1.1390300000000053,,,0.14224751066858055,-0.6796116504854344,3.811944091486663,-1.144570891787422,0.31000000000000005
2010-11-01,0.6378687350218959,-8.119376293573344,-2.3566048869686607,,,1.6471700000000027,,,0.0,3.7145650048875822,0.6119951040391758,2.136890273585834,0.18000000000000016
2010-12-01,2.1591303940231565,16.360793457539778,17.843128152061816,-8.859004870189812,2.464717154068241,-0.42995000000000516,0.48161635146248827,1.8010963194988294,1.2784090909090828,-6.597549481621112,14.355231143552306,-12.159977427153002,0.2799999999999998
2011-01-01,1.2818961932570039,-5.229153416165766,-10.745273660185784,,,-1.3462299999999914,,,-0.5610098176717981,-7.265388496468206,-20.638297872340427,-8.384301843548014,0.16999999999999993
2011-02-01,0.6143361825337479,-1.5398641848449413,1.0705641984642522,,,0.9185899999999947,,,0.5641748942171843,6.093579978237207,-1.3404825737265424,6.334811613979219,-0.029999999999999805
2011-03-01,0.6302458494359842,4.680872911649692,-5.6658790706068825,0.8729782553819954,2.726320782419789,-0.38760000000000616,-0.36240355389292045,-1.1208791208791147,0.7012622720897532,14.769230769230779,10.326086956521753,46.11542334667107,0.20999999999999996
2011-04-01,0.6537010440335944,-1.6076074224966042,2.3935807333056447,,,0.04521000000001152,,,0.278551532033422,-13.136729222520104,3.4482758620689724,-18.806358848625127,-0.08999999999999986
2011-05-01,3.5520289699424,4.444785671117657,-2.642638427415067,,,0.31721999999999184,,,-0.1388888888888773,10.596707818930028,-2.1428571428571352,14.381917814393175,-0.25
2011-06-01,-3.963739754128648,-5.190573484138106,-0.9736101519711493,0.11301673176862259,1.3369918892693233,-0.6300600000000003,-0.10559662090813271,-0.2556123583018488,0.0,-8.372093023255811,-6.569343065693434,-5.306639784857969,-0.040000000000000036
2011-07-01,-0.36261539161892564,1.211314455061907,-0.41973144363093295,,,0.3106900000000081,,,0.4172461752433909,1.7258883248731038,3.515625,-9.527293659104942,-0.3600000000000003
2011-08-01,-0.852362073123758,-0.07196540941035723,3.540349686757538,,,-2.655210000000011,,,0.0,-2.095808383233544,-0.6289308176100628,-8.948015959709776,-0.44999999999999973
2011-09-01,1.6934018699387154,0.6561980547830304,-1.4927545316299917,0.3756903819501112,0.02562353515107585,-1.5873999999999882,1.2684989429175397,1.9832869080779858,0.13850415512464131,9.887869520897041,0.8860759493670933,18.15449505600666,-0.2400000000000002
2011-10-01,2.1555583749604645,6.5684536793796156,-1.6676459289406198,,,-0.08324000000000353,,,0.13831258644538824,-5.194805194805186,2.1329987452948673,-7.993188190488409,0.20999999999999996
2011-11-01,0.7430466579644301,-5.153912913180337,0.3347476249467185,,,0.21159000000000106,,,-0.13812154696133394,7.534246575342474,1.5970515970515908,4.217182375422546,0.18000000000000016
2011-12-01,-0.9853446881619488,9.037495846621324,4.564284729670898,0.30401606953520677,0.9087216942635257,-0.01635000000000275,0.4523312456506723,0.7538511963290695,0.8298755186722184,-9.827115559599642,14.510278113663855,-9.156065154712723,-0.51
2012-01-01,0.981746028908459,-5.83642083478082,3.291057164095257,,,0.37493999999999517,,,-0.5486968449931462,-3.1281533804238038,-19.852164730728617,-14.031026457969498,0.0
2012-02-01,2.1502009627752727,-2.6755539891584412,-10.226793459881222,,,0.8261099999999999,,,0.8275862068965356,5.104166666666665,-1.054018445322813,6.718999024715155,-0.020000000000000018
2012-03-01,-0.9735495427823926,-6.4351652781106665,4.127718203163044,0.21457190313058927,0.984045803803002,0.23832000000000164,-0.2771042604780005,-1.0952071134244235,0.4103967168262779,10.307234886025762,12.51664447403462,51.179575424174615,0.020000000000000018
2012-04-01,1.2746466081885677,11.416408658178678,4.837711277114587,,,0.5748899999999963,,,0.27247956403269047,-13.027852650494165,-5.562130177514801,-19.183894928978575,-0.18999999999999995
2012-05-01,-4.505411698466477,-7.009351287965493,-11.584741617801274,,,-1.2049399999999935,,,-0.27173913043476716,4.338842975206614,2.2556390977443552,5.80553589281414,-0.42000000000000015
2012-06-01,5.0729559502292965,7.2095640478746725,4.994822067115923,0.5403713427226231,0.7636001894760325,-2.074770000000001,-0.04631237698276003,-1.2388992435039992,-0.13623978201635634,1.4851485148514865,-1.7156862745097978,2.326046548519356,0.3500000000000001
2012-07-01,1.1760907787931263,1.205241259608547,6.454442808142957,,,-1.2777799999999928,,,0.27285129604366354,-0.29268292682926855,-1.7456359102244412,-16.46726565606864,-0.28
2012-08-01,3.902718185221876,3.136758092556313,-4.970226651912901,,,-0.5074500000000057,,,0.40816326530612734,-4.40313111545988,0.3807106598984644,-8.635923505204545,0.010000000000000009
2012-09-01,-6.727007386580608,-6.70425185024528,-1.2682714065889056,0.6933823821483109,1.879999877189742,-0.24062000000000694,1.413181976138067,1.6762877442273671,0.0,3.0706243602866,-2.2756005056890016,10.433419443156478,0.08000000000000007
2012-10-01,1.4480299582876333,5.173313703643534,43.9629213147625,,,-0.10517999999999006,,,0.0,5.263157894736836,6.9857697283311815,3.777560960005122,0.06000000000000005
2012-11-01,-0.9797615524484216,-5.828463940326634,-27.148239087517613,,,-0.6554500000000019,,,-0.13550135501354532,0.7547169811320753,0.2418379685610761,0.122144346103914,-0.13000000000000012
2012-12-01,0.8387952991625536,7.342608490867475,11.747896242734646,0.2393602666377559,-1.0650806612996777,1.3522999999999996,0.376927470017141,0.6987662408559858,0.9497964721845387,-15.262172284644194,10.13268998793726,-21.364577480507684,-0.09000000000000008
2013-01-01,0.6568073310429412,-6.857179992474616,-16.46117590496601,,,0.9611799999999988,,,-0.6720430107526876,4.972375690607733,-15.115005476451259,-5.990769878285718,0.27
2013-02-01,1.8097094033994399,4.832710174978194,10.280976250798624,,,0.9597299999999933,,,0.6765899864682012,0.3157894736842026,-6.451612903225811,4.473423915872776,-0.1299999999999999
2013-03-01,-0.1639728906195126,-6.384900092892575,-5.518151787188841,1.0623029076947788,0.2559515586313843,0.2791899999999998,0.4551661356395176,-2.613032635801815,0.5376344086021501,8.394543546694644,12.689655172413804,40.113512355306625,-0.19999999999999996
2013-04-01,-0.5450305013319001,7.760018653871104,4.329517467553767,,,-1.596029999999999,,,-0.5347593582887611,0.3872216844143406,0.489596083231314,1.159383179697282,-0.06000000000000005
2013-05-01,0.9100764080472334,-4.906365283544112,13.534167170012745,,,1.1227599999999995,,,0.2688172043010528,-6.846673095467704,-0.24360535931788885,-8.1309502046097,0.25
2013-06-01,1.4291336139358402,1.9742182099909078,-13.74926656854215,0.9092815513535912,3.2219810811926486,-0.6414499999999919,-0.14725872224738978,1.5698062792251388,0.0,5.900621118012417,-4.761904761904767,8.264706332562866,0.25
2013-07-01,-0.8781370357104468,1.5428602035598482,0.12199358630955448,,,1.5274500000000018,,,0.536193029490617,1.3685239491691092,4.615384615384599,-10.52160911658354,0.0
2013-08-01,0.22839063102533252,-1.807952925207812,-1.6885300963837002,,,0.6420600000000007,,,0.0,-8.582449373191903,-2.8186274509803932,-15.446422222748923,0.17999999999999994
2013-09-01,1.8079311960486066,3.373084848866359,0.673057855359982,0.4577527149762117,-0.2930547825519936,0.33207000000000164,1.1571185479296586,1.8086155869779574,-0.13333333333332975,10.759493670886089,-2.648171500630514,15.48980583431443,-0.11999999999999988
2013-10-01,-0.44220071668156224,3.244571294577492,39.49139122803129,,,-0.1102600000000109,,,-0.2670226969292422,2.57142857142858,6.865284974093266,7.379479690451829,-0.07000000000000006
2013-11-01,-1.2076047119433664,0.10508616913547097,-19.00362822946934,,,0.68459,,,0.2677376171352108,0.0,1.9393939393939297,-4.064933450371266,0.07000000000000006
2013-12-01,-0.04729431281057517,-7.845501783670716,-17.553953304496297,-0.5315591968649058,0.23798392294882564,0.8050000000000068,0.3364360210833306,0.602928509905265,0.5340453938584622,-11.420612813370468,8.680142687277058,-15.445060101864904,0.2899999999999998
2014-01-01,1.2395156208353075,2.475520950435417,6.129251914760903,,,1.0472699999999975,,,-0.7968127490039723,2.0964360587002018,-14.332603938730859,-4.330299089726919,-0.3799999999999999
2014-02-01,-1.4953502233648663,-3.5503396079301752,0.3567717059781872,,,-0.0952699999999993,,,0.6693440428380271,2.361396303901442,-5.363984674329503,1.6277015087671654,-0.06000000000000005
2014-03-01,3.925196357762162,7.8437231476796265,-0.7647868118658141,1.1084142161119415,1.499142697616196,-0.0905000000000058,0.40236950933274507,-0.5351027397260233,0.26595744680850686,7.5225677031093285,10.121457489878537,41.58558197077606,-0.020000000000000018
2014-04-01,-2.388105235532678,-4.904169553542415,-1.909356730722367,,,0.9174900000000008,,,-0.2652519893899252,-4.944029850746268,3.9215686274509887,-7.527124773960214,-0.039999999999999813
2014-05-01,-7.553541705587974,-9.90518858112578,22.277850966977873,,,-2.0171399999999977,,,-0.13297872340426453,-1.5701668302257166,-1.7688679245283057,0.2579378833040824,-0.19000000000000017
2014-06-01,13.811157772944282,18.297088194745825,-12.846249309991919,0.6633370964373553,0.829194275178935,-0.3761700000000019,0.28943560057888007,-0.35506778566817276,0.26631158455392434,-0.29910269192422456,-6.482593037214879,1.0225469789377106,-0.10999999999999988
2014-07-01,-3.3209802829192947,-0.5299649688789376,-1.7773351586352293,,,-0.2726600000000019,,,0.26560424966799445,7.400000000000007,5.006418485237463,-2.6529641876850585,-0.10000000000000009
2014-08-01,0.7007727631949123,1.9215053434237905,-2.5381563240973404,,,-1.1593599999999924,,,0.13245033112581073,-16.294227188081933,-4.400977995110022,-21.149754485678017,-0.26
2014-09-01,2.0210704493326626,3.5639919008551013,3.1156805263635734,1.431514181345328,1.0214702926953034,-0.6357900000000001,0.7881007881007873,2.3431594860166216,0.0,21.35706340378196,1.1508951406649537,22.04212265124923,0.040000000000000036
2014-10-01,-0.2568642123016551,-6.566780540611283,-0.8034445821793246,,,-1.4001400000000075,,,-0.3968253968253954,0.09165902841430373,6.194690265486735,5.8670624697187534,-0.09999999999999998
2014-11-01,2.450098610442075,9.744170439765142,-4.885600947610924,,,-0.2735500000000002,,,0.0,-2.6556776556776573,-2.1428571428571352,-9.16678773790498,-0.14
2014-12-01,0.06332429657962546,-7.0137166995349105,-0.1628902304284474,0.7648519496123107,1.9058379640153778,2.2116100000000074,0.330396475770911,1.6881198565098066,0.0,-7.3377234242709255,15.815085158150843,-8.150126758423237,-0.15000000000000002
2015-01-01,-1.488457662102849,0.9202412306913876,4.514791823586206,,,0.6247400000000027,,,-1.195219123505964,-5.58375634517766,-15.336134453781526,-7.994340444057468,-0.25
2015-02-01,-0.41917090340883867,-9.282277842039532,0.9824620283338747,,,-0.054000000000002046,,,0.9408602150537515,5.8064516129032295,-5.459057071960283,5.638861155405817,-0.019999999999999962
2015-03-01,0.5486617507299174,17.179658566236867,2.440754734722095,0.7693565219171639,0.15362909137395242,0.3037599999999969,0.2634467618002345,-1.1413156256484647,0.665778961384822,14.735772357723587,11.811023622047244,44.695727736121185,-0.11000000000000001
2015-04-01,-0.15571523097319684,-10.62382668965215,-4.1411384039270915,,,1.1087299999999942,,,0.5291005291005346,-8.591674047829944,-0.11737089201878659,-9.795721259662148,0.13999999999999999
2015-05-01,0.6032899018337146,11.464600934213355,-4.068815100716517,,,0.19725000000001103,,,0.263157894736854,-6.879844961240322,-1.0575793184488758,-12.014619331148445,0.20000000000000007
2015-06-01,0.8818737389062026,4.1261302143875245,9.18519176801118,0.7098604765594985,0.9145740661482993,-0.27479999999999905,0.41602802715130505,-0.5247691015953015,0.0,13.631633714880342,-0.23752969121140222,22.292255787195046,0.29999999999999993
2015-07-01,3.5043234267639,-2.656320692136249,-2.8645230327319693,,,-0.46372000000000924,,,0.3937007874015741,0.0,3.9285714285714146,-7.445006841254198,-0.17999999999999994
2015-08-01,-0.875558040014468,-3.998572007458645,-2.227787077854815,,,0.9116900000000072,,,-0.13071895424835445,-14.926739926739929,-6.643757159221075,-22.013397841458882,0.029999999999999916
2015-09-01,-1.6397201457484023,2.08824227016593,20.72837893930417,0.30811825430956397,1.3820495853168246,-0.48436000000000945,0.7849978194504947,2.4583245410424226,-0.2617801047120505,18.514531754574804,2.331288343558291,20.39864966374152,-0.09999999999999998
2015-10-01,-0.713170356693571,-0.9248812075691615,-15.66411222864581,,,0.5262000000000029,,,0.0,0.18165304268846771,5.395683453237399,2.162735476862432,-0.09999999999999998
2015-11-01,1.721742077060795,-12.157989631060062,-1.1642979391564001,,,0.38555000000000916,,,-0.9186351706036766,-0.3626473254759621,-1.3651877133105783,-2.1535930337821307,-0.020000000000000018
2015-12-01,0.16555026279030383,12.73590738362007,1.0620273485150822,1.6797368447616368,0.4451719271815646,-0.33906000000000347,0.18390307226308078,2.1933889403768836,0.0,-9.554140127388532,17.877739331026522,-9.186531902473405,0.20999999999999996
2016-01-01,1.1409025569463438,9.655271733786886,3.863702217635212,,,-0.9088799999999964,,,-1.059602649006619,-7.042253521126762,-20.645792563600796,-11.719997574336482,-0.35999999999999993
2016-02-01,-0.8847834514168484,-9.907227784317252,-0.1362017704979568,,,-1.0399400000000014,,,0.40160642570281624,12.445887445887438,0.9864364981504448,14.554072310122956,-0.23000000000000004
2016-03-01,2.028882979416835,6.302967658089975,2.3550297457211267,1.2063150264606026,1.4417009392202251,0.436089999999993,0.05398984990820921,-1.2494961708988228,0.9333333333333416,5.77478344562079,6.8376068376068355,29.08981155005477,0.020000000000000004
2016-04-01,0.27777841716596363,1.1791500455061499,-5.43340585810288,,,0.9904999999999973,,,0.0,-2.1838034576888155,2.0571428571428463,-2.1652891026375576,0.12
2016-05-01,1.1201409202012513,-2.605653048479173,1.8481766542486344,,,-0.3495899999999921,,,0.6605019815059343,-7.6279069767441925,-3.023516237402024,-9.176344719091167,-0.07999999999999999
2016-06-01,-1.2555334648012617,-4.691726133568519,-2.8519571607965033,0.5082216652658289,1.1618018964200783,0.18245999999999185,0.21584286639326766,0.83673469387755,0.1312335958005173,13.796576032225571,-0.4618937644341736,18.34308596840355,-0.31000000000000005
2016-07-01,-2.508068408213937,1.1726882377321335,5.542620558756783,,,0.011090000000010036,,,0.5242463958060384,-11.681415929203542,-0.23201856148492572,-17.875033498938343,-0.009999999999999981
2016-08-01,1.5513019781695059,0.6865501449934364,-2.9113268122921587,,,-0.3580000000000041,,,-0.1303780964797996,0.9018036072144353,-1.1627906976744207,-12.116930712241725,-0.010000000000000009
2016-09-01,2.1351851476121064,2.9421407545725753,7.337926264347594,2.7576819055351365,0.9285033303020551,1.2121999999999957,0.6245961662717958,0.5160898603521646,0.0,11.022840119165833,-0.47058823529412264,21.595749889830085,-0.04999999999999999
2016-10-01,2.418280430202535,-3.592053431138331,-7.429430759178857,,,0.4435799999999972,,,0.13054830287206887,-7.066189624329155,4.018912529550844,-11.838175582714205,0.33999999999999997
2016-11-01,-2.809836216809858,3.637910111884679,9.011275858114853,,,0.30609000000001174,,,-0.9126466753585416,9.528392685274301,2.954545454545454,5.269027572661811,0.07
2016-12-01,2.516704352628407,-10.561819528553984,7.477188016199321,-2.1638924886891675,1.7094419157373864,-0.6274300000000039,0.37457191780823074,1.5403201449713189,0.9210526315789558,-11.33567662565904,15.452538631346568,-7.243814337936194,0.01999999999999999
2017-01-01,0.6819959170221823,37.13511416326725,-9.58817512642719,,,0.381299999999996,,,-0.9126466753585416,-2.0812685827552135,-19.598470363288722,-5.899435940015518,0.24000000000000002
2017-02-01,0.8675572803130915,-10.72915450396903,-0.8853961568936586,,,-0.06875999999999749,,,0.7894736842105177,2.1255060728744946,-4.042806183115333,0.9125969867315176,-0.28
2017-03-01,1.77993621838759,-8.589608131235526,-0.3884049048636151,2.90213629108822,1.145109133102773,0.614609999999999,-0.010662117496540446,0.04957366646836103,0.26109660574413773,18.037661050545072,14.498141263940534,47.65190761980607,0.15000000000000002
2017-04-01,-0.820555787204591,2.0196205850176785,3.4672807619472445,,,1.830449999999999,,,0.5208333333333481,-17.04450041981528,-2.272727272727282,-19.17966653970301,0.010000000000000009
2017-05-01,-1.9714250413075507,-3.408050706545862,2.364120541192216,,,-1.0230299999999914,,,0.0,11.133603238866407,2.3255813953488413,11.439746540211981,-0.010000000000000009
2017-06-01,-10.5312766347181,-20.412102594170257,-5.670034119122269,1.8979225608005024,0.3827651568511392,-0.034000000000006025,0.3732139048837624,-0.8720642156376912,0.38860103626943143,-1.001821493624766,-3.8961038961039085,1.1548007112164749,0.14999999999999997
2017-07-01,15.318535422346958,33.442724454763216,7.338607493679583,,,1.1360499999999973,,,0.6451612903225712,-4.599816007359703,-0.22522522522522292,-13.614267012111947,0.07000000000000006
2017-08-01,-1.0562078845773093,-3.368074171207436,1.950247869544186,,,-0.19441999999999382,,,0.12820512820512775,1.5429122468659573,-1.3544018058690654,-10.386109933587683,-0.20000000000000007
2017-09-01,-0.4107429318004008,1.2671067220615173,-3.468918210537797,-0.9028670806574213,1.0478700749257497,0.27970999999999435,0.8817592690959275,1.969409177246817,0.0,6.552706552706566,1.4874141876430214,13.543099744164877,0.11000000000000004
2017-10-01,-1.3195357402957186,2.914833198827438,0.6528729377789588,,,0.4485700000000037,,,-0.2560819462227748,-5.4367201426025025,-1.3528748590755368,-5.270192858506784,-0.050000000000000044
2017-11-01,3.324993018643685,-6.583259063151125,1.4680523739373452,,,0.6199299999999965,,,-0.6418485237484006,13.195098963242224,8.571428571428562,10.91458833446335,0.010000000000000009
2017-12-01,0.2089440847409696,8.095023125617718,-4.704807903942532,0.5694120804236702,1.1514476969333831,-0.2264200000000045,0.4212299915754114,1.8627450980392313,0.6459948320413522,-13.405495420482927,10.631578947368414,-16.08731281143023,0.06
2018-01-01,-0.32783859866692966,4.345591861782694,-0.12904790817961365,,,0.2891400000000033,,,-1.0269576379974499,1.057692307692304,-17.982873453853465,6.095294349281355,0.20999999999999996
2018-02-01,4.276008732848657,2.410202385797988,3.189944609102424,,,-0.9679199999999923,,,0.5188067444876765,-1.6175071360608806,-4.988399071925754,-2.850472666268289,0.010000000000000009
2018-03-01,-2.7946529368066297,-9.02088457408965,-3.9805063752251346,0.8038786633679074,1.3740260172004026,-0.12891000000000474,0.05243288590603967,-1.5976900866217614,0.774193548387081,12.0889748549323,15.628815628815618,32.73517759380169,-0.16999999999999993
2018-04-01,1.6503905270822905,2.393355264736341,4.364343115509883,,,-0.3953300000000013,,,0.1280409731114096,-6.988783433994827,-2.745512143611417,-9.607032147205363,0.06999999999999995
2018-05-01,0.36782285922871694,3.987874248537282,1.7614515190788271,,,-0.664590000000004,,,1.0230179028132946,-1.1131725417439675,-0.10857763300758938,-2.865103246246681,-0.15999999999999998
2018-06-01,-1.8119009356815874,-2.153072318644722,-14.997400516326776,0.6218843681210506,2.228578389690883,-1.2318499999999943,0.3039513677811634,-0.2836463223787056,0.12658227848101333,7.598499061913699,0.6521739130434634,11.883352947154147,-0.06
2018-07-01,1.8912891646220453,-4.784349787715247,23.19490520981642,,,0.0196200000000033,,,0.7585335018963413,-5.7541412380122114,-2.4838012958963263,-6.8735570218102175,0.04999999999999999
2018-08-01,-0.9748453125093981,7.302000207931458,1.4500418757590339,,,2.087670000000003,,,0.0,-2.8677150786308947,-0.7751937984496138,-0.4539905866955296,-0.08000000000000002
2018-09-01,0.9690663697077717,-2.4130580765047482,-3.971522831451313,2.158330620091986,-0.3359767422117299,0.02729999999999677,0.9717868338557922,-0.06866110838646966,0.12547051442910462,2.6666666666666616,-3.459821428571419,-36.7475229531771,0.14
2018-10-01,2.2475234130038935,-3.1142202423663723,1.9223209242446693,,,-0.9095500000000101,,,0.12531328320803947,5.380333951762517,7.976878612716765,26.22942628438947,-0.08999999999999997
2018-11-01,-2.4184734137907116,6.416756504473264,-2.3120105720588424,,,-0.5602899999999948,,,-1.126408010012525,1.232394366197198,4.282655246252687,7.934987412321681,-0.07
2018-12-01,-0.2277286662140332,-7.599477580487424,7.511902731176856,1.8319004671946137,0.2150102718891933,-1.106039999999993,1.0038290386008564,2.0906949352179183,0.12658227848101333,-15.391304347826084,6.981519507186862,-13.061751395439247,-0.08000000000000002
2019-01-01,-0.25157015738027644,2.1698852022948856,-6.464969237908447,,,-1.6217100000000073,,,-0.8849557522123797,5.755395683453246,-13.819577735124767,12.083118899172351,-0.10999999999999999
2019-02-01,-0.46133424193369743,-9.65521156565934,-2.756358492161737,,,-0.8556999999999988,,,0.5102040816326481,0.680272108843516,-4.12026726057907,1.1911841085125552,0.009999999999999981
2019-03-01,3.169272666204326,18.135628562017203,-4.693820976605146,-0.23735751255645754,1.44185041760152,1.2061999999999955,-0.23565573770490955,-0.49995192769927144,0.3807106598984644,8.301158301158317,8.943089430894302,28.51075066854616,-0.22
2019-04-01,1.411446492827162,1.8066868581875895,6.827089035079892,,,0.7915800000000104,,,1.0113780025284624,-6.417112299465244,4.264392324093813,-10.074003756624016,0.1
2019-05-01,-1.5022132665962418,-1.1236340841428216,2.272587791460934,,,-2.358530000000002,,,0.25031289111387967,3.9047619047618998,-1.942740286298561,7.159937563361929,-0.23
2019-06-01,2.0828483806645703,0.9722673040622354,11.301622232307352,1.5680132103399913,2.548659848654089,-1.5635600000000096,0.34918352675361586,-1.4687409411537344,0.37453183520601563,-8.890925756186974,-4.483837330552676,-2.321886581651955,-0.10999999999999999
2019-07-01,-4.573552737504738,-9.840760227391332,-21.200608763023197,,,-1.3018900000000002,,,0.3731343283582156,8.651911468812878,4.475982532751099,2.3235792406012923,-0.12
2019-08-01,4.983249948067603,8.98064815859161,22.870061591324344,,,-1.3813999999999993,,,-0.12391573729865213,-10.185185185185187,-3.0303030303030387,-5.72136014519754,-0.27999999999999997
2019-09-01,1.0874370450521198,0.9575477836536672,-5.629895988839495,2.8823418292196257,-0.40630215395718317,0.6734600000000057,0.8699211953740793,2.334019809747967,-0.1240694789081842,10.721649484536089,-3.340517241379304,-22.032331680201946,0.14
2019-10-01,0.010276470503733925,-0.19110762919295476,-3.00538397126503,,,0.14202000000000226,,,0.1242236024844745,1.303538175046537,6.35451505016722,16.339904015174422,0.14999999999999997
2019-11-01,-0.11816032592238956,3.8464630444650094,-0.49460350881811443,,,0.36656999999999584,,,-0.8684863523573005,-0.18382352941176405,5.2410901467505155,5.106942194642872,0.04999999999999999
2019-12-01,-3.4441024098048056,-7.332812101734265,-4.970885737407437,-0.03618214741104575,-0.0868005605898059,1.2330299999999994,0.8928571428571397,0.7283181600383326,0.6257822277847325,-13.535911602209937,6.175298804780871,-5.264319168781151,0.18
2020-01-01,5.016319600729413,-2.764166369124499,9.125227553029113,,,-0.42202999999999236,,,-0.8706467661691586,5.4313099041533475,-13.883677298311447,-13.084903662926106,-0.22999999999999998
2020-02-01,-1.303882174897597,10.9010165136463,-2.0337441561312897,,,-0.10257000000000005,,,0.5018820577164185,2.2222222222222143,-0.10893246187363426,-2.5809987819731983,-0.19
2020-03-01,-5.138735472095313,1.160012662514398,1.388930456541626,2.1066515128665086,1.0630869908390794,-9.704430000000002,0.32180209171359664,-2.8731804775948944,0.12484394506866447,2.2727272727272707,4.143947655398028,-10.345790458567238,0.14
2020-04-01,-21.46279356473516,-32.47665407491246,50.579661893894446,,,-11.213319999999996,,,0.4987531172069737,-29.08212560386473,-2.5130890052356025,-43.82644024935036,-0.030000000000000027
2020-05-01,3.9810136512766547,-21.065152403290664,-26.383008407305,,,4.4771399999999915,,,-0.1240694789081842,7.493188010899177,8.807733619763702,39.14928831512745,0.09000000000000002
2020-06-01,3.1149109470416825,44.17825549646051,12.615004041400724,7.439543049427,-7.8727923181743815,5.749679999999998,0.801924619085792,-9.805073954354004,0.6211180124223503,18.377693282636255,-2.764067127344516,30.998881937340904,-0.09000000000000002
2020-07-01,18.38007047849659,7.7185628845793275,-9.13924539482558,,,4.095179999999999,,,-0.4938271604938316,3.8543897216273937,3.248730964467006,42.97686496694995,-0.06999999999999995
2020-08-01,2.4616128837662288,-3.186797865750013,-1.0875517125137013,,,2.643560000000008,,,-0.1240694789081842,-12.783505154639185,-5.113077679449363,-20.28780267862246,0.16999999999999993
2020-09-01,-10.018828834239512,-4.525493598197783,2.307885498464324,-0.5779296273299872,2.654201105871401,1.4346800000000002,-1.1634844868735117,10.360556038227632,-0.3726708074534124,21.631205673758892,1.139896373056981,5.649607240165078,-0.16000000000000003
2020-10-01,4.996072237690741,12.991390413478321,19.2420962098957,,,-0.541870000000003,,,0.0,2.9154518950437414,7.991803278688536,3.4219743842067274,-0.06999999999999995
2020-11-01,1.6259216398286647,-18.959517781598144,50.85755872781519,,,-1.3045699999999982,,,-0.9975062344139585,2.738432483474962,2.2770398481973375,5.77718800013125,0.040000000000000036
2020-12-01,0.3786835945528866,21.303251580555393,-35.84569907294026,0.29815587483323913,2.5453543903362963,1.5753699999999924,0.9658919408391142,2.5388703011218317,0.6297229219143663,-10.477941176470583,5.473098330241188,7.3217301395829715,0.020000000000000018
2021-01-01,-3.519423972636049,-12.5889218027053,4.481986031934704,,,-2.4916399999999896,,,1.3767209011263937,-7.289527720739231,-27.08883025505716,-45.48578328419944,0.029999999999999916
2021-02-01,3.8766647591493175,-0.5482460160719738,-0.6200777740387409,,,2.0237300000000005,,,0.4938271604938427,7.973421926910307,2.533172496984304,14.48861293401038,0.27
2021-03-01,0.9376589953399295,9.119464489891605,7.875666807238346,2.503380847534964,3.6351760747282746,3.475290000000001,0.8271051320378753,-2.6391554702495212,0.49140049140048436,18.461538461538463,27.41176470588236,50.42475134937663,0.0
2021-04-01,5.113894127683882,7.980210020854273,-19.483796300509493,,,-0.14973000000000525,,,0.4889975550122383,-12.987012987012992,-10.156971375807943,-21.446627147689924,0.060000000000000026
2021-05-01,-7.112791830451226,-9.878121402207507,22.682289039490342,,,2.1997599999999977,,,0.24330900243310083,-5.074626865671639,2.0554984583761593,0.42891356411931536,0.03999999999999998
2021-06-01,-1.3769437566797715,9.762788694118285,1.9128914959590126,1.106141734502386,0.1497563536725588,2.653580000000005,0.0,0.611138491867913,0.364077669902918,8.071278825995787,5.840886203423956,18.868341752119157,-0.06
2021-07-01,17.44510943453974,9.031018090041986,-15.069264372687908,,,-0.18592999999999904,,,0.6045949214026569,-3.7827352085353927,-3.044719314938138,-13.7730164288424,-0.24999999999999997
2021-08-01,-1.145150795424188,-5.186549697281039,-5.624742195489785,,,-0.64782000000001,,,0.12019230769229061,-10.98790322580646,-5.495583905790003,-18.226428024518494,0.019999999999999962
2021-09-01,1.5538738852808098,7.092618908584192,63.413376752220316,-0.007043608238421761,5.040810147447683,-0.027129999999999654,2.233643012453035,1.498971294209861,0.12004801920768582,14.949037372593432,0.6230529595015577,1.895947896351391,0.22000000000000003
2021-10-01,-0.11945129822431566,-8.589017106530683,-36.75105137160468,,,-1.28676999999999,,,0.7194244604316502,-0.49261083743842304,5.4695562435500555,-9.285076051418473,0.09999999999999998
2021-11-01,0.24058743757946477,-6.4109184064452425,13.687765180500877,,,-1.5553799999999995,,,0.11904761904761862,7.227722772277234,7.045009784735812,10.955155219019153,-0.26
2021-12-01,3.2113008748886562,38.93094742272139,131.05499881470197,2.458341876396397,3.0752379887049486,-1.861290000000011,1.3824439288476542,1.5444015444015635,0.3567181926278362,-8.125577100646353,5.484460694698345,14.815038989599415,0.16000000000000003
2022-01-01,-1.755380311979382,-14.128316739935398,-63.54180917925167,,,0.8551300000000026,,,0.8293838862559078,-6.633165829145726,-18.024263431542476,-19.117866713526332,0.15999999999999998
2022-02-01,0.2665576380836532,3.6376383960524894,12.660271952107284,,,2.3752700000000004,,,0.9400705052879044,6.673842841765332,-1.4799154334038,8.907621447814385,0.22999999999999998
2022-03-01,0.8713272466451816,-3.3029900583830374,-0.448232605468879,-2.6598808453734857,1.0943240563995316,-8.55932,1.697339563268807,-1.3022813688213009,2.4447031431897415,10.595358224016138,13.412017167381984,20.356886370890525,0.41999999999999993
2022-04-01,-0.09749014105226994,-0.5226511132766509,4.6929475167406975,,,1.2722499999999997,,,0.7954545454545547,-14.324817518248167,-3.31125827814569,-25.30394066216384,0.25
2022-05-01,-7.983968933884366,-3.4137746311855732,-0.6766984619700822,,,0.9666899999999998,,,1.014656144306647,7.66773162939296,0.0,14.94197399369812,0.2600000000000001
2022-06-01,14.38140694818475,0.899321768318817,-9.935475630749835,0.680047276617457,-0.09777484391449986,-0.2583099999999945,1.8190342240975044,-2.032167966868925,0.0,-0.39564787339266827,-4.5988258317025466,8.377936186950707,0.3699999999999999
2022-07-01,-7.128393862547567,-6.005447781978745,14.152163028680764,,,-3.347300000000004,,,0.6696428571428603,-5.660377358490565,0.9230769230769376,-8.30386804300003,-0.5399999999999999
2022-08-01,-4.012753511634903,4.620062295123617,10.41799359931086,,,0.49885000000000446,,,0.44345898004434225,-1.5789473684210575,-3.150406504065051,-3.2674310745904767,0.61
2022-09-01,-5.590903431822336,-10.65426653942464,-15.78548370893893,5.461823235963492,0.7065844945364885,-3.4560299999999984,0.7827608435399203,1.4942980731419642,2.207505518763786,14.224598930481292,1.4690451206715638,12.86907015156915,0.6000000000000001
2022-10-01,15.122333384720864,27.660085184145355,4.383528696527295,,,-0.39722000000000435,,,1.1879049676025932,-9.55056179775281,0.10341261633919352,-7.19432780585012,0.06999999999999984
2022-11-01,-2.699969209464359,-3.449699687296104,-8.19536748009877,,,1.5390500000000031,,,-0.10672358591249376,12.62939958592133,8.574380165289263,24.860766288666714,-0.25
2022-12-01,-0.3625063636267245,-8.12874266093191,22.969889916540275,4.953377838849415,1.2782889073975179,2.4017300000000006,2.7046783625731097,1.6853932584269815,-1.175213675213671,-11.029411764705888,4.3767840152236115,20.653943004544907,0.5899999999999999
2023-01-01,-0.8570256648900765,7.330973508221605,-10.048247057356175,,,1.29486,,,0.540540540540535,-2.685950413223137,-17.95806745670009,-42.97272189311462,-0.25
2023-02-01,-2.154324432319221,-2.210961364304065,-15.582259808342059,,,0.53904,,,0.967741935483879,4.14012738853502,-3.9999999999999925,15.04237169938687,0.3700000000000001
2023-03-01,2.9223672152259184,-0.5390690153524558,11.237541473495426,-3.9336860468332846,-0.058188062092434656,1.6356199999999887,1.7704626334519524,-0.4191274528481559,0.9584664536741228,16.004077471967392,15.509259259259256,36.443916395907095,-0.2999999999999998
2023-04-01,-2.885304492105212,-2.2280424167089086,4.044174375629184,,,0.2469300000000061,,,0.527426160337563,-20.12302284710017,-6.212424849699405,-27.86953415718596,0.0
2023-05-01,3.8190701743036293,8.968562056811113,-8.628833532141122,,,-2.0608199999999925,,,-0.10493179433367361,7.920792079207906,5.128205128205132,21.68989933332348,-0.07000000000000028
2023-06-01,-1.7021512201834454,-2.8178687792404955,10.540356112358129,1.2948383983209855,1.7754621662323444,-2.6798300000000097,1.4774018707929049,-1.970537593265742,0.42016806722688926,4.383282364933749,-0.40650406504065817,13.43221334110769,0.15000000000000036
2023-07-01,15.71233699117387,9.23012455524368,-16.77287079786911,,,-0.8706299999999914,,,0.5230125523012497,-10.05859375000001,-2.244897959183678,-13.158467760647397,0.08999999999999986
2023-08-01,-10.484838359882144,-6.060671117298655,17.522998221289775,,,-1.5197100000000034,,,0.3121748178980255,-0.9771986970683932,-2.8183716075156573,12.38916954747058,-0.010000000000000231
2023-09-01,-1.4611815658030491,-1.2224164891083245,-0.9434595105511812,1.9673905202622022,1.4447893542544055,0.3631599999999935,0.6030323914541613,1.7564402810304358,0.10373443983402453,7.5657894736842035,-0.537056928034374,-17.890255543729904,0.3600000000000003
2023-10-01,0.26047414040035743,-4.983506307803531,-7.336209859336784,,,0.7404300000000035,,,-0.10362694300517505,-2.2426095820591074,3.6717062634989306,-2.4690203205316674,-0.07000000000000028
2023-11-01,-0.7358886787790175,6.779486647309874,5.384027949601533,,,0.3331500000000034,,,-0.6224066390041583,8.02919708029195,7.916666666666661,12.213245402107242,-0.34999999999999964
2023-12-01,1.0579003282978228,0.6164709519558276,-4.337406401684607,1.5201570603693426,0.3854156911023754,-0.4431200000000075,2.0037677684535016,1.0452627541235104,0.10438413361169019,-14.28571428571428,2.220077220077221,-1.5539212294618299,-0.3900000000000001
2024-01-01,1.3973324366912454,4.3029508169628805,-0.14819746920813337,,,-1.1496099999999956,,,-0.10427528675704956,2.1396396396396566,-15.675165250236079,-11.712274115998234,0.18000000000000016
2024-02-01,-0.5014632472878255,5.752104045633155,4.362754168068461,,,0.16939000000000703,,,0.6263048016701633,5.512679162072764,-0.6718924972004436,1.7958071298459943,0.2699999999999996
2024-03-01,-6.007113665884756,-17.61535585827646,-4.905518026001676,0.9222287537110407,1.1264591522319067,1.9675599999999918,-0.27703156480859414,-0.8826041567808751,0.6224066390041472,1.1494252873563093,11.612175873731667,21.370084825289346,-0.17999999999999972
2024-04-01,8.714689138741893,17.22491435326534,5.097671634330392,,,1.3265200000000021,,,0.6185567010309256,0.4132231404958775,-1.9191919191919204,-7.86146359212262,0.22999999999999998
2024-05-01,-1.721210360359371,-1.11999846234635,-1.2212249171662415,,,-0.27761999999999887,,,0.2049180327868827,-9.465020576131689,0.5149330587023604,-2.746583738513053,0.1499999999999999
2024-06-01,1.5905741001362772,-1.7334670982435352,3.029416584612332,1.2509752086638848,1.550888776920134,-0.6275300000000072,1.0438589106827045,-1.8766756032171483,0.2044989775051187,6.704545454545463,-3.381147540983609,25.760389129745164,-0.21999999999999975
2024-07-01,1.3433688475357197,0.8210819126603486,7.958531484210796,,,-1.3197199999999896,,,0.5102040816326481,-0.31948881789138905,4.453870625662781,-19.865536156917084,-0.14000000000000012
2024-08-01,1.215025733806785,3.17627876154416,-10.958427139057637,,,-0.3909500000000037,,,-0.10152284263958977,-9.081196581196583,-2.538071065989844,-17.1831127787361,-0.050000000000000266
2024-09-01,0.2633840330250603,5.077187536664596,1.7756013711795582,1.1111342052666284,1.4204470905138544,-1.023300000000006,0.01666250104139788,1.8540202966432329,-0.1016260162601701,10.458284371327853,-1.8749999999999933,5.841213853498339,-0.08999999999999986
2024-10-01,1.1668395137603094,4.081242675949581,2.6743717816665624,,,0.944659999999999,,,0.4069175991861629,1.276595744680864,7.7494692144373545,11.081743660461196,0.25
2024-11-01,0.743505503683739,-1.5431882652430118,8.175461107930882,,,-0.8063499999999948,,,-0.6079027355623157,2.1008403361344463,5.9113300492610765,5.4105313976344105,-0.31000000000000005
2024-12-01,-2.3312684465040645,7.531760999349513,-4.794372457884089,1.6506169816325356,2.1333692792670833,-0.7173800000000057,1.6326530612244872,0.9101360413872328,0.6116207951070374,-13.168724279835386,0.7441860465116301,-8.106107694320864,0.28000000000000025
2025-01-01,4.239785531650875,-7.609276984621715,-4.159966028737294,,,0.5473500000000087,,,-0.2330293819655549,4.620853080568721,-13.481071098799625,-7.600980771712484,0.07999999999999963
2025-02-01,-1.4348812122550014,-5.030267360412233,5.419186044248425,,,-0.1642800000000051,,,0.4874581090687613,2.2650056625141524,-4.695837780149414,-2.0256212675785035,-0.08999999999999986
2025-03-01,-1.924424769282873,2.8779015430804966,3.394202249530065,0.3958448365256384,1.727164110675039,1.5153600000000012,0.008196049504127778,-0.9114212475078265,0.3739262253663389,10.741971207087486,13.101903695408733,24.60896408663251,0.33000000000000007
2025-04-01,7.145538247845651,-4.510495310769446,-6.880330423303837,,,0.11717000000000155,,,0.4832863471607052,-8.499999999999996,1.8811881188118829,-4.248176507019807,-0.22999999999999998
2025-05-01,-9.107463376889092,-1.4169777534677186,11.503260285174255,,,0.4907400000000024,,,0.08016032064128709,0.0,0.0,-1.4135163639959147,0.06999999999999984
2025-06-01,6.283897333949207,5.463206918030505,-11.304027398038075,1.685659410138407,1.0111200215707106,0.9192599999999942,1.368628093755131,-1.5617514611478533,0.09010812975571714,-1.3114754098360715,-5.539358600583089,7.060681914106737,0.06000000000000005
2025-07-01,-1.897463221564244,-8.748550405333877,8.102651566850394,,,0.12761000000000422,,,0.3801140342102549,4.761904761904767,5.452674897119336,3.3603572306815543,0.10000000000000009
2025-08-01,-0.4262805000712744,5.303217898502677,0.7997919888779625,,,0.3848899999999986,,,0.06975585450923472,-16.067653276955596,-7.414634146341459,-21.741905272618787,0.009999999999999787
2025-09-01,0.8473046224586112,-1.5918194273096375,13.236583813789293,1.6398861948144994,0.6434449087222793,-1.2309199999999976,0.05659309564234327,2.228927389526958,0.22903804023104435,22.29219143576824,2.8451001053740654,13.655907233061004,0.020000000000000018
2025-10-01,-0.7284769635923394,-4.005498584643529,-7.987138692412721,,,0.7444500000000005,,,0.29806259314455463,-1.5447991761071034,6.3524590163934525,6.20096124452294,-0.06999999999999984
2025-11-01,-0.5441726710725847,1.087926958296892,-20.688571439341963,,,-0.40502999999999645,,,-0.38632986627042953,0.9414225941422716,2.0231213872832443,0.21508557447438292,0.06000000000000005
2025-12-01,1.0829337302985964,-4.176885146113096,20.019117606047754,4.178605222088128,0.3970411568115617,-0.3503200000000106,1.7533936651583648,0.9330667428353756,0.10938743038981791,-9.948186528497406,7.459867799811137,-1.6882686868445074,0.16999999999999993
2026-01-01,-1.4076278989934021,3.4446554530328966,3.6059959407775732,,,0.028379999999998518,,,-0.10926790503625883,-2.9919447640966768,-16.695957820738137,-21.286403531908505,-0.020000000000000018
2026-02-01,2.5840740185421707,5.743402518198648,-1.5840242683560768,,,0.8718500000000091,,,0.3778838504375548,5.456702253855283,-4.957805907172997,8.908604450951385,-0.16000000000000014
2026-03-01,0.8174162573409083,-3.7419830006505506,-3.931098063318983,-1.693852445200017,0.7277593840296692,-2.154970000000006,-0.46851425395061375,-0.6225827752099011,1.1491975430949042,13.38582677165354,15.427302996670367,39.23990116537759,0.3400000000000003
2026-04-01,-1.7395199374130366,1.8245431437759363,1.232169489585777,,,-1.8739599999999967,,,0.5484818805093106,-10.218253968253965,-3.26923076923078,-15.297065212587668,0.08000000000000007
2026-05-01,2.8392037898914646,19.370322605065947,-1.9663977785659759,,,0.502830000000003,,,-0.11689070718876593,-6.519337016574589,-0.6958250497017815,-3.8990540329021606,-0.14000000000000012
2026-06-01,-1.8062412807539507,-13.980604004777852,1.8286866303753202,,,0.6760099999999909,,,-0.21455041934855812,,,23.77551702248506,-0.10999999999999988
2026-07-01,,,,,,0.9421400000000091,,,0.8600469116497367,,,,
