date,REV_GG_TAX_TOTAL_M,REV_CG_TOTAL_M,EXP_CG_TOTAL_M,EXP_GG_TOTAL_Q,REV_GG_TOTAL_Q
1957-01-01,,,,,
1957-02-01,,,,,
1957-03-01,,,,,
1957-04-01,,,,,
1957-05-01,,,,,
1957-06-01,,,,,
1957-07-01,,,,,
1957-08-01,,,,,
1957-09-01,,,,,
1957-10-01,,,,,
1957-11-01,,,,,
1957-12-01,,,,,
1958-01-01,,,,,
1958-02-01,,,,,
1958-03-01,,,,,
1958-04-01,,,,,
1958-05-01,,,,,
1958-06-01,,,,,
1958-07-01,,,,,
1958-08-01,,,,,
1958-09-01,,,,,
1958-10-01,,,,,
1958-11-01,,,,,
1958-12-01,,,,,
1959-01-01,,,,,
1959-02-01,,,,,
1959-03-01,,,,,
1959-04-01,,,,,
1959-05-01,,,,,
1959-06-01,,,,,
1959-07-01,,,,,
1959-08-01,,,,,
1959-09-01,,,,,
1959-10-01,,,,,
1959-11-01,,,,,
1959-12-01,,,,,
1960-01-01,,,,,
1960-02-01,,,,,
1960-03-01,,,,,
1960-04-01,,,,,
1960-05-01,,,,,
1960-06-01,,,,,
1960-07-01,,,,,
1960-08-01,,,,,
1960-09-01,,,,,
1960-10-01,,,,,
1960-11-01,,,,,
1960-12-01,,,,,
1961-01-01,,,,,
1961-02-01,,,,,
1961-03-01,,,,,
1961-04-01,,,,,
1961-05-01,,,,,
1961-06-01,,,,,
1961-07-01,,,,,
1961-08-01,,,,,
1961-09-01,,,,,
1961-10-01,,,,,
1961-11-01,,,,,
1961-12-01,,,,,
1962-01-01,,,,,
1962-02-01,,,,,
1962-03-01,,,,,
1962-04-01,,,,,
1962-05-01,,,,,
1962-06-01,,,,,
1962-07-01,,,,,
1962-08-01,,,,,
1962-09-01,,,,,
1962-10-01,,,,,
1962-11-01,,,,,
1962-12-01,,,,,
1963-01-01,,,,,
1963-02-01,,,,,
1963-03-01,,,,,
1963-04-01,,,,,
1963-05-01,,,,,
1963-06-01,,,,,
1963-07-01,,,,,
1963-08-01,,,,,
1963-09-01,,,,,
1963-10-01,,,,,
1963-11-01,,,,,
1963-12-01,,,,,
1964-01-01,,,,,
1964-02-01,,,,,
1964-03-01,,,,,
1964-04-01,,,,,
1964-05-01,,,,,
1964-06-01,,,,,
1964-07-01,,,,,
1964-08-01,,,,,
1964-09-01,,,,,
1964-10-01,,,,,
1964-11-01,,,,,
1964-12-01,,,,,
1965-01-01,,,,,
1965-02-01,,,,,
1965-03-01,,,,,
1965-04-01,,,,,
1965-05-01,,,,,
1965-06-01,,,,,
1965-07-01,,,,,
1965-08-01,,,,,
1965-09-01,,,,,
1965-10-01,,,,,
1965-11-01,,,,,
1965-12-01,,,,,
1966-01-01,,,,,
1966-02-01,,,,,
1966-03-01,,,,,
1966-04-01,,,,,
1966-05-01,,,,,
1966-06-01,,,,,
1966-07-01,,,,,
1966-08-01,,,,,
1966-09-01,,,,,
1966-10-01,,,,,
1966-11-01,,,,,
1966-12-01,,,,,
1967-01-01,,,,,
1967-02-01,,,,,
1967-03-01,,,,,
1967-04-01,,,,,
1967-05-01,,,,,
1967-06-01,,,,,
1967-07-01,,,,,
1967-08-01,,,,,
1967-09-01,,,,,
1967-10-01,,,,,
1967-11-01,,,,,
1967-12-01,,,,,
1968-01-01,,,,,
1968-02-01,,,,,
1968-03-01,,,,,
1968-04-01,,,,,
1968-05-01,,,,,
1968-06-01,,,,,
1968-07-01,,,,,
1968-08-01,,,,,
1968-09-01,,,,,
1968-10-01,,,,,
1968-11-01,,,,,
1968-12-01,,,,,
1969-01-01,,3247696940.97285,3243428739.84494,,
1969-02-01,,3388249193.117,3166821128.50604,,
1969-03-01,,3523964849.90464,3194191388.09272,,
1969-04-01,,3450205728.17995,3068150275.25802,,
1969-05-01,,3536145561.53991,3163055434.01607,,
1969-06-01,,3581096142.18398,3454070333.66023,,
1969-07-01,,3608097664.15095,3238898507.01506,,
1969-08-01,,3501702244.74756,3637924666.84421,,
1969-09-01,,3636335156.04321,3900989689.86985,,
1969-10-01,,3727107094.80051,3488057193.58925,,
1969-11-01,,3866148304.84965,3105497955.22869,,
1969-12-01,,3523316940.28432,4911187706.42193,,
1970-01-01,,3622736927.63148,3367587670.71019,,
1970-02-01,,3528131635.3143,3525896403.14012,,
1970-03-01,,3623252133.29628,3402199442.55111,,
1970-04-01,,3678300443.95225,3623775387.88353,,
1970-05-01,,3762846082.16555,3718659418.46802,,
1970-06-01,,3809138194.51584,3777074486.69833,,
1970-07-01,,3767329312.1335,4041402702.64794,,
1970-08-01,,3839130703.80075,3707343364.91998,,
1970-09-01,,3861926361.19345,3860955314.55805,,
1970-10-01,,3733641916.93762,3986060114.5061,,
1970-11-01,,3890128450.36723,4017577353.51978,,
1970-12-01,,3923263800.69867,3877195019.16849,,
1971-01-01,,3969703092.99883,3914300827.32338,,
1971-02-01,,4001334822.23318,3952174992.26133,,
1971-03-01,,4130587804.87725,4267239934.30877,,
1971-04-01,,4510867929.28276,4184616515.48913,,
1971-05-01,,4056529007.56807,4089579951.39073,,
1971-06-01,,3971378236.11259,4182605206.28117,,
1971-07-01,,4143475778.445,4369735428.52784,,
1971-08-01,,4182396798.28628,4240327099.8486,,
1971-09-01,,4186625672.37731,4300425808.19763,,
1971-10-01,,4210729617.04785,4041437506.32402,,
1971-11-01,,4229799803.25772,4171407149.73674,,
1971-12-01,,4187942829.75634,4614859239.28697,,
1972-01-01,,4705983946.24977,4439700863.079,,
1972-02-01,,4314007968.18095,4605968352.51324,,
1972-03-01,,4256328986.57324,4556332649.31382,,
1972-04-01,,4816799783.18826,4633799381.14999,,
1972-05-01,,4368969906.28676,4693318847.95429,,
1972-06-01,,4168384644.6499,4516510391.76892,,
1972-07-01,,4421690994.94149,4416932869.32681,,
1972-08-01,,4654534704.71605,4847194446.70217,,
1972-09-01,,4560043447.72945,4695129478.25501,,
1972-10-01,,4686297038.96895,4750317457.11895,,
1972-11-01,,4649368331.64297,5398722390.41784,,
1972-12-01,,4701418051.73903,5178976441.60038,,
1973-01-01,,5001107040.4333,4925319453.94335,,
1973-02-01,,5027246441.02668,5022659389.11395,,
1973-03-01,,5007641727.1363,4782356624.43863,,
1973-04-01,,5064043648.25021,4896295667.40844,,
1973-05-01,,4950043074.19372,5081303825.77056,,
1973-06-01,,5106608430.3951,4974094592.4766,,
1973-07-01,,5038085175.99378,5252006313.7198,,
1973-08-01,,4963401952.97634,4942196589.43817,,
1973-09-01,,5033405586.22027,5152088823.22085,,
1973-10-01,,5113660252.84773,5573733263.67835,,
1973-11-01,,5232777737.82588,5494360604.39232,,
1973-12-01,,5205500506.45258,6388973418.52409,,
1974-01-01,,4998860994.65722,5447343564.13075,,
1974-02-01,,5210802915.19238,5075875215.06055,,
1974-03-01,,5119082111.91749,5442880714.10048,,
1974-04-01,,5194913637.63109,6029075751.60248,,
1974-05-01,,5363002875.99231,5696573598.99394,,
1974-06-01,,5215971745.12072,5260375411.81545,,
1974-07-01,,5056705388.79153,5469473708.57965,,
1974-08-01,,5472604573.36552,5944312116.47284,,
1974-09-01,,5355001058.86414,6123109123.60882,,
1974-10-01,,5342923254.2515,6312407768.22284,,
1974-11-01,,5429508740.01929,6098792919.43814,,
1974-12-01,,5315040177.84808,5810314851.19335,,
1975-01-01,,5168613222.66367,6470611224.57971,,
1975-02-01,,5041748597.25922,6364986361.06793,,
1975-03-01,,4943765789.37295,6724256746.93979,,
1975-04-01,,4997479859.9181,7518909881.96661,,
1975-05-01,,5206275045.09568,6495025336.15103,,
1975-06-01,,4758945947.24842,6865839819.5435,,
1975-07-01,,5533206317.83655,6944917038.72696,,
1975-08-01,,5818121008.36065,6581833051.80231,,
1975-09-01,,5382318323.93131,6785719367.56274,,
1975-10-01,,5364863204.73725,6531689601.91813,,
1975-11-01,,5469313358.64392,6500500482.80455,,
1975-12-01,,5494810733.39121,6863549570.79897,,
1976-01-01,,5714067045.81254,6709017553.50478,,
1976-02-01,,5729586479.74163,7461903298.3658,,
1976-03-01,,5431893076.9007,6843906744.74841,,
1976-04-01,,6141167460.3416,6923594928.26849,,
1976-05-01,,5555934143.48054,7119384248.28665,,
1976-06-01,,5716831552.48185,7013888532.06052,,
1976-07-01,,5797149417.22939,6848457914.45186,,
1976-08-01,,5655314489.63454,6826945018.73801,,
1976-09-01,,5847950790.41502,6846968575.1166,,
1976-10-01,,5939660103.19473,6998776976.16552,,
1976-11-01,,5893837124.31206,7138696240.80433,,
1976-12-01,,6197087171.24599,6769796152.03707,,
1977-01-01,,6285012216.98514,7111408833.6986,,
1977-02-01,,6179021386.67688,6977363352.53329,,
1977-03-01,,6272297972.25213,7126706886.16515,,
1977-04-01,,6117016873.82275,7077704438.90246,,
1977-05-01,,6279300501.95166,7095355013.69796,,
1977-06-01,,6433832983.43854,7375514448.85461,,
1977-07-01,,6271878041.76917,7407573545.15796,,
1977-08-01,,6227986228.67452,7473814036.30904,,
1977-09-01,,6655331104.34747,7543418544.082,,
1977-10-01,,6527523224.08955,7516635696.14345,,
1977-11-01,,6320584131.94451,7901949306.44102,,
1977-12-01,,6675732923.18814,7512534745.92521,,
1978-01-01,,6438679365.91537,7766280220.43007,,
1978-02-01,,7176710653.03051,7756492100.66496,,
1978-03-01,,6816880001.93753,8529297818.47194,,
1978-04-01,,6711728761.85969,7672118874.18156,,
1978-05-01,,6894295456.16186,7785353179.07462,,
1978-06-01,,6832226227.87621,8337313562.23701,,
1978-07-01,,6857853320.96429,7120983095.4501,,
1978-08-01,,6997024596.0617,8503160604.96509,,
1978-09-01,,6846775832.3168,8392384905.06698,,
1978-10-01,,7549277374.56105,8346065490.90643,,
1978-11-01,,7136326348.28146,8602101204.6823,,
1978-12-01,,7128758478.10534,8445197896.14613,,
1979-01-01,,7277217877.56188,8545211147.36893,,
1979-02-01,,7026465096.03201,8263022974.07552,,
1979-03-01,,7423575303.37176,8492204107.18092,,
1979-04-01,,7259125639.12346,7882989306.15302,,
1979-05-01,,7318368161.24504,9491102245.4422,,
1979-06-01,,7496244807.31572,8552964227.61835,,
1979-07-01,,7886958650.60192,8709310103.39634,,
1979-08-01,,8290890049.41698,9197136192.37438,,
1979-09-01,,7648713090.90048,7972241502.45611,,
1979-10-01,,7789155887.17241,9396287007.26399,,
1979-11-01,,7752459970.36687,9396297791.41357,,
1979-12-01,,7563603517.56169,8238510457.41526,,
1980-01-01,,7924911621.85389,9425542585.5799,,
1980-02-01,,7893742844.0674,9214718621.21936,,
1980-03-01,,7845055569.57343,8314220648.31369,,
1980-04-01,,7453496294.45018,9462808213.73253,,
1980-05-01,,8069998919.26167,9732062308.16475,,
1980-06-01,,8057671801.16555,8993900983.27164,,
1980-07-01,,7978268059.93589,9376977562.90324,,
1980-08-01,,7995174892.97224,9258568495.69122,,
1980-09-01,,8262545833.06584,9707173263.26502,,
1980-10-01,,7939291757.91126,9190041126.521,,
1980-11-01,,8362836191.37485,8830752930.92436,,
1980-12-01,,8199797041.53415,9137049422.03041,,
1981-01-01,,7586698384.97939,9863172003.21646,,
1981-02-01,,8451586158.99685,10021764050.5679,,
1981-03-01,,8389516149.52803,9808314617.86394,,
1981-04-01,,8423398333.27458,10042059157.3596,,
1981-05-01,,8211766236.64868,10034533863.6463,,
1981-06-01,,8095824824.56972,10206071839.6202,,
1981-07-01,,8408745560.49336,10135677098.417,,
1981-08-01,,8187911678.22129,9757344244.53011,,
1981-09-01,,8169700869.54345,9932778402.56454,,
1981-10-01,,8446793023.34301,10274992284.3656,,
1981-11-01,,8314911671.79502,9720540161.12333,,
1981-12-01,,8721514671.13281,9554864161.39684,,
1982-01-01,,8246561623.64697,10169948631.9751,,
1982-02-01,,8369780353.00543,10486449781.52,,
1982-03-01,,8448742184.53872,10838896694.1466,,
1982-04-01,,12985432321.9189,10416235132.1851,,
1982-05-01,,8657695929.39634,10168940963.4705,,
1982-06-01,,8600918258.2962,10271903970.181,,
1982-07-01,,8167478333.53738,10282545826.0393,,
1982-08-01,,8275670917.78617,10216769642.0124,,
1982-09-01,,8408560486.99619,10174811542.4797,,
1982-10-01,,8867482924.78893,10391329685.727,,
1982-11-01,,8562557408.94102,10878298928.4893,,
1982-12-01,,8485606688.53165,10846032578.3594,,
1983-01-01,,8119049839.37041,10362459218.7892,,
1983-02-01,,9626954321.12559,10775038356.0626,,
1983-03-01,,8528878000.47071,10943290009.3129,,
1983-04-01,,13253182221.0381,10654852251.0422,,
1983-05-01,,8678752004.90341,10288998186.0129,,
1983-06-01,,8344531489.50057,10653283358.9105,,
1983-07-01,,8734928613.67249,10420751423.0447,,
1983-08-01,,9075615586.96277,10640101346.6409,,
1983-09-01,,8686216317.91341,10516916595.6188,,
1983-10-01,,9407611271.84322,10432504009.2516,,
1983-11-01,,8151909226.24279,10794252508.0797,,
1983-12-01,,9199405783.03764,9479551717.53461,,
1984-01-01,,9350549202.00227,10704964383.6266,,
1984-02-01,,9468805150.72424,10477053065.9268,,
1984-03-01,,9495634014.98421,10303120108.1477,,
1984-04-01,,9452180880.60767,10578171067.7448,,
1984-05-01,,9805130069.42904,11463409888.5906,,
1984-06-01,,9365040001.28329,10690575985.7415,,
1984-07-01,,9343439342.83138,10453591041.3806,,
1984-08-01,,9708424965.12879,10869916298.8486,,
1984-09-01,,9801583928.0736,10925334853.0776,,
1984-10-01,,9151052617.56362,10514446627.8101,,
1984-11-01,,9747022939.91211,10609364215.8155,,
1984-12-01,,9484288308.93033,10983574830.5799,,
1985-01-01,,9677951559.96501,10956860550.2412,,
1985-02-01,,9427896048.41053,12075933995.6433,,
1985-03-01,,9664906075.15419,11163749559.3005,,
1985-04-01,,9650746366.2007,10937907612.0945,,
1985-05-01,,9524704028.9364,11080789379.6849,,
1985-06-01,,10359727246.7639,10702700657.3339,,
1985-07-01,,10040586441.7384,10833770689.3048,,
1985-08-01,,10282203785.0845,10939046901.38,,
1985-09-01,,11144887974.8327,9900907580.28923,,
1985-10-01,,9716153708.08493,10501408315.6423,,
1985-11-01,,9709222389.79795,11004284130.8776,,
1985-12-01,,10113618441.1212,11059239012.7228,,
1986-01-01,,9030279506.41668,10952645581.8854,,
1986-02-01,,10197163929.6993,10372414305.791,,
1986-03-01,,9852835011.00694,11015592266.3681,,
1986-04-01,,11089991628.9058,11165738669.8407,,
1986-05-01,,9995083426.90609,11155505776.001,,
1986-06-01,,11128206374.4236,11141720465.2797,,
1986-07-01,,10997033237.7973,11563664019.3919,,
1986-08-01,,9211677871.89157,11004141383.6651,,
1986-09-01,,9789380161.0304,11327740313.2199,,
1986-10-01,,9950746856.84757,11998181104.3812,,
1986-11-01,,10116912099.5971,10619527139.9227,,
1986-12-01,,10028165947.4897,11296092610.2887,,
1987-01-01,,10245217837.0706,11287911189.9716,,
1987-02-01,,9617848425.78916,10456610399.4871,,
1987-03-01,,10129673962.1966,11243085133.4466,,
1987-04-01,,11882186606.54,11967724337.474,,
1987-05-01,,9508584565.17293,10861284917.1564,,
1987-06-01,,9977648009.54899,11572235785.6975,,
1987-07-01,,9720998948.80152,11863457010.0786,,
1987-08-01,,10255382106.2387,11310132702.8487,,
1987-09-01,,10553122608.7183,11585321843.3257,,
1987-10-01,,10260834053.7682,11921836168.8799,,
1987-11-01,,10365516384.7801,11610148365.2542,,
1987-12-01,,10348983343.796,11672358692.6324,,
1988-01-01,,10566348909.0594,11223480971.6149,,
1988-02-01,,10046048102.6181,11493877529.2039,,
1988-03-01,,10356128293.2856,11627540932.835,,
1988-04-01,,8602826290.23118,11334872961.3868,,
1988-05-01,,11341924926.7285,12246439038.8504,,
1988-06-01,,10246146257.2614,12149583889.5302,,
1988-07-01,,10244952549.4822,11678280232.5011,,
1988-08-01,,9927117190.40981,12364852190.8015,,
1988-09-01,,10676054051.4818,12154215906.4561,,
1988-10-01,,10538927588.6616,12078264703.2007,,
1988-11-01,,9268089366.88986,12020940395.7676,,
1988-12-01,,10517645665.7246,10554105190.8639,,
1989-01-01,,10775053571.0785,12172961972.8784,,
1989-02-01,,11645540750.6539,12459041220.9696,,
1989-03-01,,11403041361.9044,12076342282.4048,,
1989-04-01,,11197598411.4439,12598121778.8874,,
1989-05-01,,12036939700.046,12502621144.2612,,
1989-06-01,,11451237928.2237,12376995094.1897,,
1989-07-01,,11566413382.5814,12239420595.9346,,
1989-08-01,,10970648550.8826,12513117122.3725,,
1989-09-01,,11521309701.3813,11935398223.7471,,
1989-10-01,,11529070305.543,12513179062.0181,,
1989-11-01,,11579549392.5458,13011699281.248,,
1989-12-01,,11870282339.5218,11586318708.6041,,
1990-01-01,,11120313255.3189,13445453490.8713,,
1990-02-01,,11603422814.5145,13148760997.8206,,
1990-03-01,,11661593797.2945,12707129204.8316,,
1990-04-01,,12868472069.6785,12740126656.1003,,
1990-05-01,,11411319491.0527,12723071175.7002,,
1990-06-01,,11554848587.1181,12905451938.1747,,
1990-07-01,,12367456340.5262,16030749063.8357,,
1990-08-01,,12585874650.3686,13372779713.0406,,
1990-09-01,,11883606704.0993,13065691575.3716,,
1990-10-01,,12761646995.2664,13369792307.0098,,
1990-11-01,,12587147226.5385,13560848311.6692,,
1990-12-01,,27196273163.2501,44955591487.6598,,
1991-01-01,23245670583.5977,13097840419.7854,16998915819.3684,,
1991-02-01,23810969284.0218,13297537930.9594,16555042505.5682,,
1991-03-01,24086226461.6833,13446614416.4755,19887893153.3777,61284882904.2493,53486933954.6402
1991-04-01,24442981742.819,14381121664.0083,17625428588.9697,,
1991-05-01,25362620745.2825,14226263045.1045,17076977163.2421,,
1991-06-01,25856022762.8172,14155876890.3735,14944240387.7739,60842528778.4799,56617156501.1413
1991-07-01,27188465753.0517,14833623556.5626,16386078194.2344,,
1991-08-01,27160486187.2914,15506793462.012,16918058307.7022,,
1991-09-01,27787184771.4031,15876446232.79,16260215930.3321,61759777251.8895,59199556000.0064
1991-10-01,28066398409.3035,15553748487.5476,18915564506.5636,,
1991-11-01,27231980089.7179,16167145525.4092,16132185442.4795,,
1991-12-01,28506161474.4272,16415078939.7571,17322849793.483,62976687712.7762,60213043173.4043
1992-01-01,28746358166.6925,15833762177.6601,17161548693.9792,,
1992-02-01,28676187751.6078,16736631898.9351,17283791417.1765,,
1992-03-01,29348638157.1877,16863598923.4752,17325444485.2341,65128140914.2335,62001815547.5255
1992-04-01,28962597147.5961,16572459282.8878,17109441767.4781,,
1992-05-01,28981442873.495,17211567482.5012,18228574468.7846,,
1992-06-01,29217137761.7614,17218180996.3493,17496389997.6749,66988217016.8315,63520972854.5038
1992-07-01,29304416904.048,16722214337.9742,17811302568.1134,,
1992-08-01,29340593087.7033,17203705103.0069,17628509000.139,,
1992-09-01,29119334663.7732,16602644082.0138,19583946452.8327,68162682615.7185,64473422824.1116
1992-10-01,29045457399.6095,14788799526.3992,18533346021.7655,,
1992-11-01,29179708602.4472,16653024896.1705,18484065089.461,,
1992-12-01,28701816739.7287,15970507728.9869,21112948155.2249,69562543556.9728,64755043637.2142
1993-01-01,28676405048.774,16956748328.4825,17586924866.1689,,
1993-02-01,29346951786.4172,16148396613.23,18797304514.5333,,
1993-03-01,29025661678.8403,16234576843.1649,19564875110.8524,69048662779.098,64627823070.3798
1993-04-01,29502479948.2447,16055254767.0934,19349290076.2403,,
1993-05-01,29375060552.1024,16177665003.5803,18504651746.0688,,
1993-06-01,30018627458.557,17142162413.3648,19502820512.4393,70714072150.6974,65609925833.5811
1993-07-01,29016533192.3317,15152912746.6871,20309572707.0969,,
1993-08-01,30072715594.822,16851919232.6239,19698818583.3474,,
1993-09-01,30654418789.9361,17292679044.437,19889884188.6901,71443377685.4023,66527769600.3074
1993-10-01,30012361541.9711,17054679820.7832,19650805366.3584,,
1993-11-01,30908626744.8121,17064764246.192,20400564091.5854,,
1993-12-01,29773720741.3093,17014274962.8536,20358730697.9922,71809088183.8786,67860742964.7492
1994-01-01,31108897791.0403,18406796529.141,19903212591.3014,,
1994-02-01,33804510945.1703,18728580989.1589,20536280254.7051,,
1994-03-01,31507860193.5668,19697250561.5409,20660897740.8481,72950369985.5862,69777906075.5032
1994-04-01,32236670816.5291,17825752431.7424,19244260758.1383,,
1994-05-01,31550293396.3584,18057735691.5425,19846938139.8543,,
1994-06-01,29194428643.2456,18260473345.2848,20662283971.3507,73264711877.5274,69933860942.1304
1994-07-01,31318283367.9304,16809303309.4099,18678379792.7942,,
1994-08-01,31036937608.7469,17759826884.3422,19763875398.6922,,
1994-09-01,30766839971.2953,16980577073.2123,20503779814.1954,74318445556.8611,69466378514.3149
1994-10-01,31320577979.4615,18567460988.4399,18975829620.1591,,
1994-11-01,30932930936.7956,17674495187.1218,18632222278.9029,,
1994-12-01,31105611268.4674,16755969781.7179,23444100964.5807,75433485684.3033,71056721960.2053
1995-01-01,32762436115.1257,17387194671.2415,16691844141.0654,,
1995-02-01,34423669999.9546,18888200948.7808,19257784405.4052,,
1995-03-01,31659579634.9888,16308661377.717,22577275322.992,111739495675.491,71637740248.7337
1995-04-01,31682139699.4106,15348753910.4468,16854602949.649,,
1995-05-01,32911693922.8427,18751558198.3274,16099573155.5892,,
1995-06-01,31693778019.3933,16170323372.2714,25002836536.5608,76849314945.5285,72044324625.8495
1995-07-01,32940720862.756,21546440871.967,20907247012.4772,,
1995-08-01,33016704263.4527,17039544758.9659,20422506589.1071,,
1995-09-01,32291119643.5093,17311719762.9659,20425608010.0549,82846948843.2973,72862495735.5412
1995-10-01,33129107143.4679,20453738988.204,19439131018.2905,,
1995-11-01,32961505725.7918,17103965072.6613,21104194515.5163,,
1995-12-01,32098824671.307,16374814269.5245,19988945596.0559,78498636339.1648,73337467894.1117
1996-01-01,31768543625.8076,16142086988.1083,18152163530.0362,,
1996-02-01,34342186058.0373,16542037687.7675,20146391570.8781,,
1996-03-01,31688720866.7393,16587368116.7898,18091617186.7622,78424661080.0902,73308620764.0167
1996-04-01,31277340413.4204,16353896370.7912,19637574737.6681,,
1996-05-01,30911471652.2995,15016944349.1403,21100149775.6406,,
1996-06-01,31703239597.5433,15336079999.7774,18170792321.7866,79669266471.8174,73231178030.3405
1996-07-01,30972914124.5907,16071133211.8822,19448337929.319,,
1996-08-01,32423629066.7343,16730961676.2714,19373036890.113,,
1996-09-01,31362147889.6423,16526636822.3088,18775594851.0677,80033317182.9637,74261104820.318
1996-10-01,31513522213.276,16047965621.8642,20847366698.5517,,
1996-11-01,31745363608.112,15391532473.886,19318894001.2837,,
1996-12-01,31732487169.2452,15600959329.272,20502898448.7344,80660764734.6647,74254963185.5486
1997-01-01,31618183322.5469,15092510434.825,19505383086.3714,,
1997-02-01,31331951003.417,15420185461.384,18355064872.315,,
1997-03-01,31459993608.2345,15943475810.0982,19841798985.3479,80092241452.8908,74595313352.3023
1997-04-01,30795686963.0047,16008119151.5496,20058146951.0398,,
1997-05-01,31170579429.7454,15672771333.2791,19740443070.6802,,
1997-06-01,31258907216.6915,16181541026.2286,18685859871.687,80333119584.1237,74386276682.5813
1997-07-01,31507350891.8247,16812055105.2927,18240369769.6861,,
1997-08-01,30763237659.8708,15686933607.3152,17676440973.2234,,
1997-09-01,31671826103.79,15233959373.0982,18443706721.3599,80111898767.3474,75239360861.4972
1997-10-01,31457556483.8334,15182667781.769,18593978667.9109,,
1997-11-01,31137250397.0198,17138340223.9135,17897473252.3362,,
1997-12-01,32566780879.7482,17152700293.936,19629150430.8894,79442577540.1522,75512219091.6344
1998-01-01,31918925345.4113,19618818752.4199,19417850484.3554,,
1998-02-01,31861912711.2753,15451313089.9726,19450684036.5022,,
1998-03-01,32763448715.4796,16167616064.7346,20006762445.6632,81055784880.8165,75649815205.1563
1998-04-01,33064122401.1437,12163811291.5009,18844387635.3467,,
1998-05-01,32524737369.2125,21713927878.3408,18460497199.5002,,
1998-06-01,32421863007.6687,16255592010.8727,24301308319.9062,80931510811.1804,76991037772.9654
1998-07-01,33254121309.7803,17005278884.7398,17992662093.7833,,
1998-08-01,32835884253.1024,16730105947.899,20035732422.5938,,
1998-09-01,33475088937.0879,15356193482.5159,19680354225.8909,81802599333.1254,76794172234.071
1998-10-01,33674261883.6988,17010679666.5558,19394314557.8025,,
1998-11-01,33305885917.5774,19607084576.0613,19911286671.1894,,
1998-12-01,33952002715.2037,17782082043.1564,17801298570.0831,81945793522.8081,78069041224.1039
1999-01-01,34416625455.8717,18178015262.4642,19763374078.5876,,
1999-02-01,33553044587.0495,16756790792.7083,20024469308.3137,,
1999-03-01,34607482063.4403,18199634614.9344,19498076313.373,83154156320.715,79317196775.2095
1999-04-01,35627894864.7984,18357130631.1302,19875691786.7922,,
1999-05-01,34476311606.7297,16627214087.7686,19731964743.2048,,
1999-06-01,34963604995.035,18256375835.091,20977325671.838,83707470946.2649,80231819957.6218
1999-07-01,35119393195.1424,17217054386.8178,20572095983.8381,,
1999-08-01,35808265107.7975,16646033779.8455,21278358294.9163,,
1999-09-01,35401145219.0502,19492803337.5409,23070686816.6387,84434180072.0631,81158901519.253
1999-10-01,34302769079.8057,18597593619.0527,19133115017.1039,,
1999-11-01,36043167104.3237,18245934013.3778,23737405122.1382,,
1999-12-01,36414698663.3726,20746173155.3118,20289544845.7301,84526894171.7166,81994888975.4332
2000-01-01,35391506644.8627,17132414851.82,20457910364.8872,,
2000-02-01,36931619276.4902,19141707529.3421,20468919732.6393,,
2000-03-01,36307094827.889,19016650628.4234,19964191007.6094,84508278994.4775,81373358343.7774
2000-04-01,35535953466.2036,17245662309.5475,20004621909.2935,,
2000-05-01,39558685177.6057,19895621584.8408,21186587267.62,,
2000-06-01,37954963639.6375,20440055888.0221,19333193216.6257,84829405610.3688,82794524110.5625
2000-07-01,34832566713.3493,18125763549.0117,20358204276.6913,,
2000-08-01,35123169564.7651,17805605113.952,20043163985.7831,,
2000-09-01,37333417865.4994,18820504690.4015,20366610166.0058,85028879393.3475,82275565087.7568
2000-10-01,35743832414.3995,17922673918.1675,20759766197.265,,
2000-11-01,35682594489.9379,17721519726.3192,21508317964.1898,,
2000-12-01,35610177976.2325,17568390332.7172,20795272064.0789,86816811625.6098,82588791756.9301
2001-01-01,38785019145.5158,19740535826.2087,21010511416.5122,,
2001-02-01,35222630704.2542,18913778938.2508,19841129881.6956,,
2001-03-01,35707589381.7189,18211214660.4664,20105556106.4898,86429343114.1777,82237789427.6197
2001-04-01,34912813534.4541,18264090577.5515,20523764160.7238,,
2001-05-01,34529923892.3773,17367031068.425,19984192044.3612,,
2001-06-01,35499165184.2328,18162913612.8583,19935147657.7321,86595940179.1011,82309103138.2419
2001-07-01,35145627314.8323,22678514661.9364,19906419173.5344,,
2001-08-01,35322821908.7374,19966129460.8655,20708962455.8913,,
2001-09-01,33724463224.5883,15794600287.4109,19356187182.6028,87167145568.8052,81296645195.1891
2001-10-01,34113312171.3775,17121326100.4543,22048356925.2694,,
2001-11-01,33875292642.6753,16959123542.3838,20658694768.1089,,
2001-12-01,32627653706.5763,17752638867.5171,19519449284.0347,88687765842.687,80330926859.5216
2002-01-01,37401766718.2222,19110267907.6089,20727946472.4617,,
2002-02-01,33681296912.7517,17074889575.4764,20917742525.8766,,
2002-03-01,32936238824.88,16881813321.6661,20915515231.6266,88552597951.6584,80623828454.6455
2002-04-01,33899747865.7385,17756996855.9226,21176374669.0983,,
2002-05-01,34361339061.7814,18230780521.2766,20606576506.5709,,
2002-06-01,32096705082.8925,16033426941.2849,21052605258.5019,89029223897.5251,81288230751.3728
2002-07-01,34845108914.0643,18255741380.6968,21153111339.1108,,
2002-08-01,35324338507.6006,19909897520.2609,20218470701.8691,,
2002-09-01,33831925715.83,18891495315.9376,21192395578.7073,89550468540.0242,82706360315.4741
2002-10-01,36543587966.8802,18924972993.7633,20875650184.5777,,
2002-11-01,34025328571.7372,17333289852.6911,20477650131.4567,,
2002-12-01,35254355630.5175,18067871291.5933,20986223242.9851,90674451204.4256,82727902110.2983
2003-01-01,33973341275.6697,16648680739.2931,20999691861.4878,,
2003-02-01,34011206432.9187,17590447742.7473,21736822150.7617,,
2003-03-01,33481814470.9722,17212730125.2608,21589515037.8628,90189950622.6398,82727642062.7086
2003-04-01,34383464904.9516,19197120136.1379,22094650386.7725,,
2003-05-01,34776273807.745,18494186420.3957,21357294509.6326,,
2003-06-01,34091466484.8408,17146492083.1944,21978476205.7544,90725812852.2302,83057308553.0108
2003-07-01,35398628224.764,18490020669.1512,21407602530.3024,,
2003-08-01,33746911753.9438,16759496467.753,23351679550.6682,,
2003-09-01,34721126007.0173,16597245548.4761,21861593384.5616,91262915433.2276,83009330114.8306
2003-10-01,35271248356.4645,18958044895.1221,20984977710.1461,,
2003-11-01,35372053958.0481,22833076978.7192,20036975089.0347,,
2003-12-01,35281414720.539,17979889401.6143,20383206301.776,90571139604.9748,85050690683.1286
2004-01-01,35265680407.1594,15387747676.108,21426814820.3973,,
2004-02-01,34495282736.8572,17982856892.3103,22232318539.8645,,
2004-03-01,31294319423.2116,15585212322.4102,21274451968.3576,90618070128.4884,82696618135.1192
2004-04-01,36902492307.5377,17664680758.4532,19744307375.7601,,
2004-05-01,33503344024.7969,16856714505.2285,22032343507.9019,,
2004-06-01,34699496160.5295,17301839492.207,21559866658.1616,89878925262.3771,82344801938.04
2004-07-01,32616275927.4102,16126005335.0061,21349158924.2805,,
2004-08-01,34222346201.3725,16736951957.4496,20536480652.4482,,
2004-09-01,34154372262.237,19653270858.1725,20593721737.7715,89857896526.0469,82933666825.2378
2004-10-01,33484977864.0892,17394519143.9579,20399715995.3332,,
2004-11-01,35149052377.2287,20863576706.7901,20626008787.4633,,
2004-12-01,34371328967.3145,18899538373.8771,19264202078.8349,88985957592.7355,85080823471.3855
2005-01-01,33133733283.451,11796382097.9296,21565964694.8025,,
2005-02-01,35007423185.9264,19300517097.6942,21876482701.727,,
2005-03-01,34020532230.0902,18235712466.2256,22818005606.8053,90841446622.1529,84288982685.6897
2005-04-01,33850596635.0926,18292523475.9229,21519431775.855,,
2005-05-01,34663645333.9958,18159443846.9347,22051110129.2331,,
2005-06-01,34009676034.738,19894324125.6983,24432788668.6754,91214286291.3002,83534664870.2944
2005-07-01,33861278071.3472,22562725779.1863,19919268167.4019,,
2005-08-01,34903377700.7311,24353195269.2665,22757493375.5627,,
2005-09-01,35192370172.6216,17076155167.1433,22673233098.9795,90774625525.9446,84685025014.321
2005-10-01,35179073335.0759,20359891972.9536,21755099773.3953,,
2005-11-01,35057769254.3987,18344483860.1983,22854987965.1929,,
2005-12-01,36249446490.9062,19149023842.021,16017050145.8261,90685191520.0681,85085104670.0744
2006-01-01,35297015284.4561,17760056762.9597,22032942026.1391,,
2006-02-01,35983815679.4957,19044926487.235,22288181157.3541,,
2006-03-01,35879080042.4987,19921454293.3973,20781019343.9552,91533608283.4528,86934253506.7991
2006-04-01,36615790717.1608,18106897250.7373,20257513861.8385,,
2006-05-01,37283574225.2458,19922660663.0017,21990909262.5888,,
2006-06-01,36841601913.7257,19427264743.0439,21029401061.2204,91491892242.1215,87539202044.261
2006-07-01,37986774089.2793,18310299271.3313,21148355797.9637,,
2006-08-01,36999414084.7381,19546483117.2943,22314335134.1699,,
2006-09-01,37902201385.572,21947484417.2297,21351634340.7889,91471753312.8505,88501892645.4252
2006-10-01,38834483311.364,18299161200.1531,22131698512.1945,,
2006-11-01,38030789185.1896,20254750366.4789,22595354052.4051,,
2006-12-01,38662521809.7116,20068777239.4674,22647333177.6725,91894084838.2936,89525398445.4389
2007-01-01,39478113337.87,22593605102.674,23028142678.1958,,
2007-02-01,41732729364.8765,21084532886.0598,20896371451.7024,,
2007-03-01,40723076789.6477,21901712959.9028,22205852420.2741,91890801269.3826,91838549265.9318
2007-04-01,41544642505.2147,20678788894.8147,22471513720.8141,,
2007-05-01,41218089176.6479,21641863219.6371,22055106578.0652,,
2007-06-01,41433094541.1498,21337553372.8854,22038929053.5526,91472715793.5713,92346144223.0237
2007-07-01,40727885779.3908,21985693692.3543,22915481892.7327,,
2007-08-01,41107108521.4271,21084203144.3837,22355927155.7235,,
2007-09-01,41986702223.2414,20999999716.7381,21601657190.701,92203286421.5123,92609043044.7552
2007-10-01,41234082960.2851,20877347790.9431,22747225580.489,,
2007-11-01,41490721860.812,22420798699.468,20446170357.5861,,
2007-12-01,41696302883.0453,20672102035.0443,26716341646.4098,93232424740.365,93625662299.5858
2008-01-01,42982275237.6376,21878042870.7003,23319189131.0434,,
2008-02-01,43353928353.4603,24515197558.1513,22807131109.4034,,
2008-03-01,43008922429.952,21632658441.2873,21805288687.8963,94848014680.4534,94682566803.2332
2008-04-01,43374048828.4646,22060645013.3311,24038631345.3382,,
2008-05-01,42808333260.0709,23066306072.3668,23267413042.5195,,
2008-06-01,43390759796.2571,21482159585.6478,23550826348.0974,95523666648.5206,95387025791.8373
2008-07-01,43105271849.1659,21984410968.2931,25010904630.1553,,
2008-08-01,43819099036.5582,24419369503.2549,23423079459.9038,,
2008-09-01,42860178218.4084,21800289563.0631,23778386288.1477,95142649185.7527,95596075265.3836
2008-10-01,42165665271.2545,22463776364.3437,23652577772.348,,
2008-11-01,43529283484.1393,23719549232.2463,22903959379.2373,,
2008-12-01,42420870467.6354,22408624303.1316,23463015009.7599,97712460642.1798,95594093974.4785
2009-01-01,44051756021.8919,22594260714.4843,23397020335.0757,,
2009-02-01,40904669581.43,23492781962.5787,22303714694.345,,
2009-03-01,40757229134.8861,23341648784.7349,24580647662.5812,97812508014.5267,95707866143.2787
2009-04-01,40177424008.904,19651253031.4179,24193459167.8788,,
2009-05-01,39943523419.6117,22796968390.5709,22248734151.3625,,
2009-06-01,39482245676.5893,22147467181.2882,24418726357.5226,99729672043.3955,93586248570.1042
2009-07-01,40270512964.8101,21767940628.4902,23726759677.4562,,
2009-08-01,39590348269.6173,20634203580.0174,23285126560.2949,,
2009-09-01,40116997194.6215,21617014305.1105,26134857602.6895,101379299275.817,93040761271.8414
2009-10-01,40256216606.7866,20207774135.8117,26105969194.6073,,
2009-11-01,40432816085.0263,20838471803.7774,27373327926.8311,,
2009-12-01,40182780531.1626,19740334083.4811,25004572646.1519,102534639391.327,92983683805.0468
2010-01-01,40549666395.8627,21228827026.9516,24002498289.2887,,
2010-02-01,39698092848.5416,19641677495.9738,24969761838.9427,,
2010-03-01,38316802644.1271,20920743610.8947,25711099236.0556,102088985283.934,92433544950.8447
2010-04-01,42136210877.0494,21902786836.1133,25263519098.1467,,
2010-05-01,40791618965.3834,19508429992.4973,26466886608.43,,
2010-06-01,40163894825.13,25324268488.1759,30243096613.1894,102665727879.701,95192602754.4177
2010-07-01,39792782637.01,20837991262.8968,22339803660.4442,,
2010-08-01,41120183896.853,20221868038.8625,25591856790.1469,,
2010-09-01,40764061627.1746,20762255036.7914,24367147013.4223,112360177594.797,95482068218.788
2010-10-01,41324196326.0595,21998577613.689,24914458371.0825,,
2010-11-01,41587790454.4225,20212430317.9998,24327323027.5478,,
2010-12-01,42485725078.3266,23519344295.0769,28668078451.3192,102406183989.52,97835431133.2356
2011-01-01,43030347970.7833,22289481699.4111,25587614968.6082,,
2011-02-01,43294698967.838,21946253953.7343,25861546813.703,,
2011-03-01,43567562011.1086,22973530210.1765,24396262845.4502,103300167707.915,100502738824.791
2011-04-01,43852363618.8352,22604206033.3082,24980207092.5655,,
2011-05-01,45410012278.5807,23608914544.1466,24320070540.6895,,
2011-06-01,43610077569.5399,22383476485.9253,24083287864.9388,103416914181.37,101846452291.372
2011-07-01,43451940715.9758,22654610772.1447,23982202733.1095,,
2011-08-01,43081572853.2766,22638307288.7522,24831256572.4487,,
2011-09-01,43811117013.573,22786859420.8168,24460586864.7028,103805441581.259,101872548952.875
2011-10-01,44755491215.5228,24283603726.8585,24052670883.6586,,
2011-11-01,45088045397.2553,23032047938.5944,24133186628.1779,,
2011-12-01,44643772736.9374,25113568314.4367,25234693980.2308,104121026804.718,102798286905.709
2012-01-01,45082061202.9372,23647834780.976,26065182184.3047,,
2012-02-01,46051416116.9617,23015124194.144,23399549837.3741,,
2012-03-01,45603082765.9102,21534062913.2884,24365417315.4696,104344441273.492,103809869134.386
2012-04-01,46184360913.6153,23992479536.1787,25544145856.6561,,
2012-05-01,44103565314.1513,22310762362.7947,22584922560.6882,,
2012-06-01,46340919755.0188,23919271064.9095,23712999256.5905,104908288731.858,104602561491.791
2012-07-01,46885931039.0655,24207555988.7814,25243541231.7025,,
2012-08-01,48715756796.0377,24966888460.2696,23988880017.5178,,
2012-09-01,45438644237.9396,23293045378.7233,23684635911.4947,105635704323.338,106569089519.374
2012-10-01,46096609419.1447,24498067687.2967,34097093760.9531,,
2012-11-01,45644972563.0736,23070206646.0658,24840333224.8345,,
2012-12-01,46027840447.2367,24764161598.1205,27758549798.4376,105888554226.871,105434042755.98
2013-01-01,46330154677.6149,23066038463.7101,23189166087.4492,,
2013-02-01,47168595843.4252,24180753251.5102,25573238745.6581,,
2013-03-01,47091252133.3561,22636836314.6924,24162068614.7725,107013411417.339,105703902831.742
2013-04-01,46834590445.7702,24393459035.3588,25208169595.9714,,
2013-05-01,47260821004.2227,23196626829.7924,28619885409.5905,,
2013-06-01,47936241283.4161,23654578860.7698,24684861073.0146,107986464624.831,109109662583.063
2013-07-01,47515295395.1789,24019535944.3323,24714975020.3131,,
2013-08-01,47623815878.1655,23585274041.6054,24297655228.7814,,
2013-09-01,48484821702.1756,24380825346.8664,24461192505.967,108480775598.458,108789911498.637
2013-10-01,48270421473.1268,25171878607.4519,34121257737.5403,,
2013-11-01,47687505588.9424,25198330770.3799,27636980769.8791,,
2013-12-01,47664952110.8776,23221395280.3345,22785598070.7619,107904136058.934,109048813997.794
2014-01-01,48255766637.9556,23796245785.4826,24182184776.8038,,
2014-02-01,47534173923.7485,22951398246.1602,24268459969.9748,,
2014-03-01,49399983587.2958,24751642383.1104,24082857988.6815,109100160842.784,110683611329.679
2014-04-01,48220259992.8953,23537779873.3562,23623030318.7243,,
2014-05-01,44577922543.789,21206318389.09,28885733807.0137,,
2014-06-01,50734649758.2126,25086457167.6004,25175000427.1441,109823862681.927,111601393498.386
2014-07-01,49049762043.1342,24953507732.6793,24727556293.3659,,
2014-08-01,49393489415.9444,25432990717.1344,24099932259.5111,,
2014-09-01,50391766634.4243,26339420446.4383,24850809155.7875,111396006850.72,112741368579.206
2014-10-01,50262328219.9939,24609768510.0518,24651146675.9976,,
2014-11-01,51493804825.2878,27007786298.5029,23446790020.3981,,
2014-12-01,51526412914.9755,25113536680.7101,23408597490.1058,112248021380.908,114890036382.739
2015-01-01,50759464073.9358,25344641799.7308,24465446935.6053,,
2015-02-01,50546695169.8116,22992081729.8101,24705810661.8098,,
2015-03-01,50824025552.4664,26942042868.2616,25308818905.2894,113111608854.125,115066540901.713
2015-04-01,50744884803.6875,24079766927.2857,24260745686.0221,,
2015-05-01,51051023569.4053,26840416111.3877,23273620802.0028,,
2015-06-01,51501229139.7067,27947886630.227,25411347504.0265,113914543459.781,116118909643.614
2015-07-01,53305998777.5208,27205501134.6535,24683433601.8461,,
2015-08-01,52839273819.4142,26117669581.7944,24133539257.6933,,
2015-09-01,51972857601.7301,26663069797.9837,29136030726.4937,114265534962.494,117723730552.818
2015-10-01,51602202587.788,26416468076.0611,24572130174.523,,
2015-11-01,52490659422.4321,23204756626.4813,24286037369.2942,,
2015-12-01,52577557847.0463,26160092939.0244,24543961728.0267,116184895254.123,118247803552.87
2016-01-01,53177416548.9032,28685920998.0984,25492267321.608,,
2016-02-01,52706911567.3875,25843941462.7875,25457546402.1759,,
2016-03-01,53776273125.1545,27472876734.7627,26057079192.4779,117586451104.051,119952583247.299
2016-04-01,53925652005.4524,27796823173.2825,24641292325.1833,,
2016-05-01,54529695300.0508,27072534402.8875,25096706937.2425,,
2016-06-01,53845056727.3045,25802365231.2879,24380959606.6217,118184050923.979,121346194634.271
2016-07-01,52494585870.1421,26104946533.4119,25732303686.2005,,
2016-08-01,53308935419.1775,26284170081.6875,24983152229.5637,,
2016-09-01,54447179890.5979,27057487361.662,26816397518.6788,121443191111.538,122472898092.645
2016-10-01,55763865386.6894,26085567958.5076,24824091832.9224,,
2016-11-01,54196992101.1611,27034537473.0127,27061059227.2588,,
2016-12-01,55560970160.3647,24179198414.7338,29084465504.856,118815291021.051,124566501148.059
2017-01-01,55939893708.3163,33158171349.8081,26295796017.6651,,
2017-02-01,56425204328.7822,29600579914.9964,26062974050.3001,,
2017-03-01,57429536976.9294,27058006095.725,25961744180.7354,122263472701.135,125992923529.492
2017-04-01,56958295587.7004,27604475156.7296,26861910742.18,,
2017-05-01,55835405485.3825,26663700646.1124,27496958691.7926,,
2017-06-01,49955224473.6003,21221078714.8255,25937871752.247,124583938733.148,126475180540.861
2017-07-01,57607633229.9017,28317985595.753,27841350352.3584,,
2017-08-01,56999176865.6091,27364214837.0962,28384325694.4576,,
2017-09-01,56765056775.4492,27710948642.7364,27399696651.5042,123459111362.54,127800476109.957
2017-10-01,56016021563.298,28518676573.4849,27578581855.9754,,
2017-11-01,57878550369.5996,26641218213.2702,27983449881.6103,,
2017-12-01,57999484176.9307,28797830988.5807,26666882319.7845,124162102457.022,129272031748.795
2018-01-01,57809339480.771,30049267188.3904,26632469265.9741,,
2018-02-01,60281271885.3709,30773515343.0798,27482030283.5949,,
2018-03-01,58596619550.282,27997472044.5908,26388106316.1151,125160215106.663,131048263097.987
2018-04-01,59563692608.5303,28667551015.7631,27539773817.4359,,
2018-05-01,59782781485.7452,29810776900.407,28024873581.694,,
2018-06-01,58699576708.6285,29168929314.9914,23821871046.4531,125938566919.518,133968776369.454
2018-07-01,59809755442.5978,27773385707.2308,29347331454.8826,,
2018-08-01,59226702845.2423,29801398389.3224,29772880050.3962,,
2018-09-01,59800648904.4023,29082273338.5775,28590443321.6141,128656737571.847,133518672439.027
2018-10-01,61144682489.657,28176587295.3272,29140043395.9198,,
2018-11-01,59665914599.6979,29984610293.3387,28466322511.9036,,
2018-12-01,59530038208.1956,27705936556.4999,30604684970.1409,131013600948.503,133805751299.661
2019-01-01,59380278397.3867,28307123573.9966,28626101501.4625,,
2019-02-01,59106336840.184,25574010904.7746,27837063521.7521,,
2019-03-01,60979577817.6546,30212018530.8743,26530441594.8972,130702630324.181,135735030083.55
2019-04-01,61840271930.1027,30757855099.2648,28341698463.9807,,
2019-05-01,60911299161.0695,30412249355.8182,28985788443.1658,,
2019-06-01,62179989169.2876,30707937712.7347,32261652754.0682,132752064833.926,139194454295.848
2019-07-01,59336154572.4555,27686043191.6478,25421985973.1931,,
2019-08-01,62293023464.3727,30172429319.7254,31236009823.0002,,
2019-09-01,62970420878.0073,30461344747.9509,29477454958.9016,136578433127.787,138628904229.855
2019-10-01,62976892014.7349,30403130794.1828,28591544252.4299,,
2019-11-01,62902478313.8745,31572575984.5414,28450129471.3321,,
2019-12-01,60736052542.4394,29257418311.9177,27035906043.1677,136529016117.781,138508573563.844
2020-01-01,63782767050.8351,28448694594.4656,29502993990.6299,,
2020-02-01,62951114920.6028,31549891490.1251,28902978574.4617,,
2020-03-01,59716223648.0983,31915874226.4201,29304420846.7301,139405206701.328,139981040190.598
2020-04-01,46899453841.8514,21550666158.9215,44126497830.9701,,
2020-05-01,48766527501.6697,17010985488.6203,32484600198.376,,
2020-06-01,50285561405.3113,24526142120.2488,36582533826.234,149776317067.016,128960623611.572
2020-07-01,59528083032.1152,26419207822.9615,33239166288.2094,,
2020-08-01,60993433993.4928,25577281071.9113,32877673166.0167,,
2020-09-01,54882606241.5599,24419782854.4089,33636452217.2477,148910715355.962,132383497909.609
2020-10-01,57624580895.3156,27592252183.1488,40108810714.4861,,
2020-11-01,58561511425.9531,22360894224.1413,60507172678.6341,,
2020-12-01,58783274262.4454,27124491776.372,38817953642.7066,149354701402.052,135753127085.732
2021-01-01,56714441616.1525,23709810717.2633,40557768902.8556,,
2021-02-01,58913070387.6342,23579822624.5877,40306279192.243,,
2021-03-01,59465474091.5548,25730176175.6164,43480667443.8193,153093618391.844,140687992282.248
2021-04-01,62506475479.1222,27783498273.1664,35008982768.9636,,
2021-05-01,58060519997.7402,25039010583.9628,42949821430.4053,,
2021-06-01,57261059292.5355,27483516278.373,43771404912.0771,154787050797.736,140898681489.545
2021-07-01,67250313749.495,29965557605.2525,37175376186.2365,,
2021-08-01,66480196246.6674,28411379067.9887,35084357115.5572,,
2021-09-01,67513214655.0278,30426489911.9544,57332532674.3399,154776148204.274,148001116523.69
2021-10-01,67432569243.6494,27813153488.4998,36262224138.5512,,
2021-11-01,67594803534.0867,26030074912.0927,41225712227.863,,
2021-12-01,69765476051.3561,36163829690.2145,95254068899.4413,158581075070.253,152552503082.734
2022-01-01,68540826620.1919,31054489286.2902,34727910203.8854,,
2022-02-01,68723527428.7537,32184139312.2663,39124558078.9809,,
2022-03-01,69322334248.0961,31121100390.406,38949189052.9253,154363007430.072,154221921822.608
2022-04-01,69254751806.6569,30958445612.7516,40777054053.3752,,
2022-05-01,63725473937.1747,29901594050.2141,40501116355.7593,,
2022-06-01,72890093673.7392,30170505594.582,36477137810.0512,155412748858.205,154071131579.264
2022-07-01,67694200709.8952,28358631635.5404,41639441821.1262,,
2022-08-01,64977799293.7357,29668818083.147,45977436204.8399,,
2022-09-01,61344953283.0996,26507823125.4715,38719675502.9371,163901118486.992,155159774305.56
2022-10-01,70621741633.2712,33839909582.4395,40416963589.8106,,
2022-11-01,68714976353.9854,32672534327.3928,37104644899.3279,,
2022-12-01,68465880191.9376,30016668091.1144,45627540986.6267,172019760167.753,157143164489.251
2023-01-01,67879110026.9998,32217182076.9248,41042772942.094,,
2023-02-01,66416773775.2473,31504872628.5365,34647381429.709,,
2023-03-01,68357715797.4659,31335039621.8698,38540895287.3527,165253042864.238,157051725927.124
2023-04-01,66385387552.8611,30636881647.802,40099556298.7019,,
2023-05-01,68920692088.9883,33384569390.6569,36639432338.5597,,
2023-06-01,67747557687.6367,32443836032.7137,40501358984.5904,167392802717.638,159840119902.375
2023-07-01,78392282254.8081,35438442509.0322,33708118370.7239,,
2023-08-01,70172978173.7689,33290635059.4668,39614791353.2561,,
2023-09-01,69147623552.5188,32883684847.171,39241041836.6488,170686072849.906,162149472938.552
2023-10-01,69327735230.5745,31244924338.574,36362236656.5221,,
2023-11-01,68817560275.7588,33363169812.0697,38319989641.2095,,
2023-12-01,69545581471.8426,33568844062.6128,36657895957.3868,173280769237.401,162774422450.297
2024-01-01,70517364440.0342,35013294912.45,36603569883.313,,
2024-02-01,70163745774.4114,37027296065.6185,38200493654.0591,,
2024-03-01,65948929813.5001,30504806098.9622,36326561551.8376,174878814315.96,164608009829.481
2024-04-01,71696174037.0737,35759232823.1381,38178370375.7932,,
2024-05-01,70462132061.5663,35358729965.3721,37712126603.796,,
2024-06-01,71582884484.5414,34745798015.0656,38854584021.5414,177066504928.258,167160896979.838
2024-07-01,72544506654.8742,35031089477.9768,41946838323.9549,,
2024-08-01,73425941079.1941,36143774533.0033,37350124609.086,,
2024-09-01,73619333284.0951,37978861748.8731,38013313933.7822,179033951430.586,169535329077.465
2024-10-01,74478352754.6208,39528871262.408,39029931274.9036,,
2024-11-01,75032103406.4044,38918866359.7035,42220808126.7355,,
2024-12-01,73282903654.9426,41850142357.5726,40196585330.4112,181989116235.787,173152143705.508
2025-01-01,76389941601.2785,38665649107.1264,38524421035.9537,,
2025-02-01,75293836681.1892,36720663580.3991,40612131084.3616,,
2025-03-01,73844863438.353,37777448124.2088,41990588951.2091,182709510755.445,176142765388.454
2025-04-01,79121476399.4099,36073498098.038,39101497684.6746,,
2025-05-01,71915516913.0797,35562344655.0912,43599444738.7441,,
2025-06-01,76434614163.0765,37505189128.502,38670951560.084,185789370816.712,177923780155.845
2025-07-01,74984295470.7876,34224028752.9792,41804324022.5831,,
2025-08-01,74664652041.0798,36039003571.3959,42138671657.1203,,
2025-09-01,75297289089.1665,35465327711.1376,47716392249.0325,188836105060.168,179068621660.664
2025-10-01,74748765683.9424,34044764511.6288,43905217821.0866,,
2025-11-01,74342003329.1263,34415146682.6395,34821855466.5724,,
2025-12-01,75147077958.9571,32977665532.8393,41792883665.0335,196726820407.4,179779597787.592
2026-01-01,74089286724.3285,34113632486.8992,43299933353.5285,,
2026-02-01,76003808733.0951,36072915714.2008,42614051901.0266,,
2026-03-01,76625076221.8777,34723073340.3364,40938851732.0436,193394558349.565,181087960681.062
2026-04-01,75292167743.9402,35356610794.2758,41443287772.4726,,
2026-05-01,77429865824.0176,42205300367.3446,40628347882.35,,
2026-06-01,76031295623.8718,36304744453.9591,41371313048.2169,,
2026-07-01,,,,,
