date,REV_GG_TAX_TOTAL,REV_CG_TOTAL,EXP_CG_TOTAL,EXP_GG_SA_TOTAL,REV_GG_SA_TOTAL,IFO_BIZCLIMATE,GDP_DEFLATOR,GDP_REAL,HICP_TOTAL,IP_TOTAL,RETAIL_TURNOVER,AUTO_SALES,BUND_YIELD_10Y
1957-01-01,,,,,,,,,,,,,7.29
1957-02-01,,,,,,,,,,,,,7.39
1957-03-01,,,,,,,,,,,,,7.49
1957-04-01,,,,,,,,,,,,,7.39
1957-05-01,,,,,,,,,,,,,7.39
1957-06-01,,,,,,,,,,,,,7.39
1957-07-01,,,,,,,,,,,,,7.49
1957-08-01,,,,,,,,,,,,,7.59
1957-09-01,,,,,,,,,,,,,7.59
1957-10-01,,,,,,,,,,,,,7.69
1957-11-01,,,,,,,,,,,,,7.69
1957-12-01,,,,,,,,,,,,,7.69
1958-01-01,,,,,,,,,,,,,7.69
1958-02-01,,,,,,,,,,,,,7.49
1958-03-01,,,,,,,,,,,,,7.39
1958-04-01,,,,,,,,,,,,,7.39
1958-05-01,,,,,,,,,,,,,7.29
1958-06-01,,,,,,,,,,,,,7.09
1958-07-01,,,,,,,,,,,,,6.69
1958-08-01,,,,,,,,,,,,,6.49
1958-09-01,,,,,,,,,,,,,6.19
1958-10-01,,,,,,,,,,,,,5.99
1958-11-01,,,,,,,,,,,,,5.89
1958-12-01,,,,,,,,,,,,,5.89
1959-01-01,,,,,,,,,,,,,5.79
1959-02-01,,,,,,,,,,,,,5.59
1959-03-01,,,,,,,,,,,,,5.59
1959-04-01,,,,,,,,,,,,,5.59
1959-05-01,,,,,,,,,,,,,5.69
1959-06-01,,,,,,,,,,,,,5.69
1959-07-01,,,,,,,,,,,,,5.59
1959-08-01,,,,,,,,,,,,,5.49
1959-09-01,,,,,,,,,,,,,5.79
1959-10-01,,,,,,,,,,,,,5.99
1959-11-01,,,,,,,,,,,,,6.09
1959-12-01,,,,,,,,,,,,,6.19
1960-01-01,,,,,,,,,,,,,6.49
1960-02-01,,,,,,,,,,,,,6.39
1960-03-01,,,,,,,,,,,,,6.39
1960-04-01,,,,,,,,,,,,,6.39
1960-05-01,,,,,,,,,,,,,6.39
1960-06-01,,,,,,,,,,,,,6.59
1960-07-01,,,,,,,,,,,,,6.69
1960-08-01,,,,,,,,,,,,,6.49
1960-09-01,,,,,,,,,,,,,6.49
1960-10-01,,,,,,,,,,,,,6.29
1960-11-01,,,,,,,,,,,,,6.19
1960-12-01,,,,,,,,,,,,,6.19
1961-01-01,,,,,,,,,,,,,6.09
1961-02-01,,,,,,,,,,,,,5.99
1961-03-01,,,,,,,,,,,,,5.89
1961-04-01,,,,,,,,,,,,,5.69
1961-05-01,,,,,,,,,,,,,5.59
1961-06-01,,,,,,,,,,,,,5.59
1961-07-01,,,,,,,,,,,,,5.69
1961-08-01,,,,,,,,,,,,,5.89
1961-09-01,,,,,,,,,,,,,5.99
1961-10-01,,,,,,,,,,,,,5.99
1961-11-01,,,,,,,,,,,,,5.99
1961-12-01,,,,,,,,,,,,,5.99
1962-01-01,,,,,,,,,,,,,5.89
1962-02-01,,,,,,,,,,,,,5.69
1962-03-01,,,,,,,,,,,,,5.59
1962-04-01,,,,,,,,,,,,,5.59
1962-05-01,,,,,,,,,,,,,5.79
1962-06-01,,,,,,,,,,,,,5.89
1962-07-01,,,,,,,,,,,,,5.89
1962-08-01,,,,,,,,,,,,,5.99
1962-09-01,,,,,,,,,,,,,5.99
1962-10-01,,,,,,,,,,,,,6.19
1962-11-01,,,,,,,,,,,,,6.19
1962-12-01,,,,,,,,,,,,,6.09
1963-01-01,,,,,,,,,,,,70748.0,5.99
1963-02-01,,,,,,,,,,,,81926.0,5.99
1963-03-01,,,,,,,,,,,,154285.0,5.99
1963-04-01,,,,,,,,,,,,145962.0,5.99
1963-05-01,,,,,,,,,,,,140937.0,6.09
1963-06-01,,,,,,,,,,,,104006.0,6.09
1963-07-01,,,,,,,,,,,,121236.0,6.09
1963-08-01,,,,,,,,,,,,75144.0,6.09
1963-09-01,,,,,,,,,,,,97345.0,6.09
1963-10-01,,,,,,,,,,,,111165.0,6.09
1963-11-01,,,,,,,,,,,,90784.0,5.99
1963-12-01,,,,,,,,,,,,77462.0,5.99
1964-01-01,,,,,,,,,,,,80483.0,5.89
1964-02-01,,,,,,,,,,,,102056.0,5.89
1964-03-01,,,,,,,,,,,,157376.0,5.99
1964-04-01,,,,,,,,,,,,152637.0,6.19
1964-05-01,,,,,,,,,,,,120916.0,6.29
1964-06-01,,,,,,,,,,,,126483.0,6.29
1964-07-01,,,,,,,,,,,,121671.0,6.29
1964-08-01,,,,,,,,,,,,82081.0,6.29
1964-09-01,,,,,,,,,,,,107987.0,6.39
1964-10-01,,,,,,,,,,,,113704.0,6.39
1964-11-01,,,,,,,,,,,,90163.0,6.39
1964-12-01,,,,,,,,,,,,87423.0,6.39
1965-01-01,,,,,,,,,,,,81007.0,6.39
1965-02-01,,,,,,,,,,,,111348.0,6.49
1965-03-01,,,,,,,,,,,,170152.0,6.49
1965-04-01,,,,,,,,,,,,178904.0,6.59
1965-05-01,,,,,,,,,,,,143715.0,6.89
1965-06-01,,,,,,,,,,,,134145.0,7.09
1965-07-01,,,,,,,,,,,,122066.0,7.19
1965-08-01,,,,,,,,,,,,94449.0,7.29
1965-09-01,,,,,,,,,,,,127210.0,7.39
1965-10-01,,,,,,,,,,,,139811.0,7.49
1965-11-01,,,,,,,,,,,,114876.0,7.49
1965-12-01,,,,,,,,,,,,99881.0,7.69
1966-01-01,,,,,,,,,,,,96057.0,7.59
1966-02-01,,,,,,,,,,,,123139.0,7.59
1966-03-01,,,,,,,,,,,,212228.0,7.69
1966-04-01,,,,,,,,,,,,161568.0,7.99
1966-05-01,,,,,,,,,,,,147406.0,8.19
1966-06-01,,,,,,,,,,,,133121.0,8.39
1966-07-01,,,,,,,,,,,,115697.0,8.59
1966-08-01,,,,,,,,,,,,93503.0,8.59
1966-09-01,,,,,,,,,,,,123722.0,8.49
1966-10-01,,,,,,,,,,,,118928.0,8.39
1966-11-01,,,,,,,,,,,,99350.0,8.19
1966-12-01,,,,,,,,,,,,81405.0,7.69
1967-01-01,,,,,,,,,,,,74445.0,7.49
1967-02-01,,,,,,,,,,,,97783.0,7.39
1967-03-01,,,,,,,,,,,,157341.0,7.19
1967-04-01,,,,,,,,,,,,143457.0,6.89
1967-05-01,,,,,,,,,,,,133412.0,6.89
1967-06-01,,,,,,,,,,,,127583.0,6.89
1967-07-01,,,,,,,,,,,,101222.0,6.89
1967-08-01,,,,,,,,,,,,85246.0,6.79
1967-09-01,,,,,,,,,,,,107944.0,6.69
1967-10-01,,,,,,,,,,,,123564.0,6.69
1967-11-01,,,,,,,,,,,,104354.0,6.79
1967-12-01,,,,,,,,,,,,100304.0,6.79
1968-01-01,,,,,,,,,,,,64575.0,6.69
1968-02-01,,,,,,,,,,,,101205.0,6.69
1968-03-01,,,,,,,,,,,,155131.0,6.69
1968-04-01,,,,,,,,,,,,167183.0,6.59
1968-05-01,,,,,,,,,,,,158333.0,6.39
1968-06-01,,,,,,,,,,,,113592.0,6.39
1968-07-01,,,,,,,,,,,,119217.0,6.39
1968-08-01,,,,,,,,,,,,83999.0,6.29
1968-09-01,,,,,,,,,,,,116300.0,6.29
1968-10-01,,,,,,,,,,,,143185.0,6.29
1968-11-01,,,,,,,,,,,,108904.0,6.29
1968-12-01,,,,,,,,,,,,93465.0,6.29
1969-01-01,,2900882510.0,3712263446.0,,,,,,,,,103944.0,6.29
1969-02-01,,2817319197.0,2714669118.0,,,,,,,,,131553.0,6.29
1969-03-01,,3920121168.0,2859349328.0,,,,,,,,,197854.0,6.39
1969-04-01,,2832630440.0,2552215142.0,,,,,,,,,196503.0,6.49
1969-05-01,,2929627261.0,2762377698.0,,,,,,,,,182505.0,6.49
1969-06-01,,4164260043.0,3559966578.0,,,,,,,,,164745.0,6.69
1969-07-01,,3258639878.0,3321548821.0,,,,,,,,,168342.0,6.89
1969-08-01,,3187923278.0,3515222159.0,,,,,,,,,93678.0,6.89
1969-09-01,,4204852137.0,3576650610.0,,,,,,,,,149581.0,7.19
1969-10-01,,3428915193.0,3420166073.0,,,,,,,,,181048.0,7.39
1969-11-01,,3620074257.0,3576446401.0,,,,,,,,,140874.0,7.39
1969-12-01,,5361890667.0,6485784263.0,,,,,,,,,130421.0,7.59
1970-01-01,,3249412227.0,3874470968.0,,,,,,,,,122461.0,7.59
1970-02-01,,2949243613.0,3034065458.0,,,,,,,,,153257.0,7.79
1970-03-01,,4014659182.0,3043960250.0,,,,,,,,,214968.0,8.09
1970-04-01,,3022269229.0,3021997421.0,,,,,,,,,240758.0,8.09
1970-05-01,,3110208137.0,3258609239.0,,,,,,,,,193993.0,8.39
1970-06-01,,4429658403.0,3864870529.0,,,,,,,,,213907.0,8.69
1970-07-01,,3397355054.0,4131760969.0,,,,,,,,,207784.0,8.69
1970-08-01,,3488897271.0,3561246318.0,,,,,,,,,103145.0,8.39
1970-09-01,,4451909914.0,3533308236.0,,,,,,,,,158306.0,8.49
1970-10-01,,3433547501.0,3932133057.0,,,,,,,,,179893.0,8.69
1970-11-01,,3643460516.0,4639737608.0,,,,,,,,,164836.0,8.59
1970-12-01,,6006570987.0,5088555272.0,,,,,,,,,153815.0,8.19
1971-01-01,,3580005971.0,4541088744.0,,,,,,,,,128210.0,7.69
1971-02-01,,3373858524.0,3413650317.0,,,,,,,,,166119.0,7.69
1971-03-01,,4529865479.0,3817000026.0,,,,,,,,,262116.0,7.89
1971-04-01,,3703951951.0,3520151360.0,,,,,,,,,236866.0,7.89
1971-05-01,,3341955768.0,3609752940.0,,,,,,,,,220447.0,7.99
1971-06-01,,4606768404.0,4216681027.0,,,,,,,,,218511.0,8.19
1971-07-01,,3726700100.0,4444095712.0,,,,,,,,,209283.0,8.29
1971-08-01,,3801134420.0,4029644350.0,,,,,,,,,118674.0,8.29
1971-09-01,,4805720456.0,3937058877.0,,,,,,,,,167763.0,8.09
1971-10-01,,3862837143.0,4030806500.0,,,,,,,,,179518.0,7.99
1971-11-01,,3964424911.0,4835868855.0,,,,,,,,,144075.0,7.89
1971-12-01,,6501092930.0,5952382564.0,,,,,,,,,99975.0,7.89
1972-01-01,,4260152824.0,5238731700.0,,,,,,,,,139340.0,7.59
1972-02-01,,3668556364.0,3980550177.0,,,,,,,,,160389.0,7.29
1972-03-01,,4608080550.0,4099404419.0,,,,,,,,,266675.0,7.39
1972-04-01,,3936069690.0,3930032337.0,,,,,,,,,200957.0,7.69
1972-05-01,,3580547940.0,4157762906.0,,,,,,,,,232935.0,7.79
1972-06-01,,4815964200.0,4500374910.0,,,,,,,,,224050.0,7.89
1972-07-01,,3982888503.0,4479102735.0,,,,,,,,,170944.0,7.99
1972-08-01,,4216934983.999996,4555909415.0,,,,,,,,,134344.0,7.89
1972-09-01,,5216237043.000004,4314357842.0,,,,,,,,,150613.0,8.08
1972-10-01,,4293554551.0,4783999426.0,,,,,,,,,183555.0,8.36
1972-11-01,,4357598078.0,6267171969.0,,,,,,,,,154319.0,8.55
1972-12-01,,7433290939.0,6490191860.0,,,,,,,,,124842.0,8.73
1973-01-01,,4538248442.0,5940537958.0,,,,,,,,,167419.0,8.84
1973-02-01,,4307684365.0,4347391333.0,,,,,,,,,192617.0,8.62
1973-03-01,,5327090500.0,4337248173.0,,,,,,,,,253566.0,8.74
1973-04-01,,4110092073.0,4188434163.0,,,,,,,,,234100.0,8.82
1973-05-01,,4033657913.0,4524111132.0,,,,,,,,,215575.0,9.62
1973-06-01,,5887115856.0,4921836781.0,,,,,,,,,198757.0,9.85
1973-07-01,,4560074673.0,5284033513.999996,,,,,,,,,166218.0,9.87
1973-08-01,,4474356984.0,4614600294.000004,,,,,,,,,115441.0,9.42
1973-09-01,,5744982334.0,4756318802.0,,,,,,,,,137405.0,9.58
1973-10-01,,4675583281.0,5668054026.0,,,,,,,,,157488.0,9.41
1973-11-01,,4874459682.0,6419014241.0,,,,,,,,,122277.0,9.67
1973-12-01,,8400632767.0,7660996873.0,,,,,,,,,70138.0,9.83
1974-01-01,,4540474311.0,6749993318.0,,,,,,,,,105379.0,9.65
1974-02-01,,4481735594.0,4384773824.0,,,,,,,,,123652.0,10.52
1974-03-01,,5380233720.0,4986960376.0,,,,,,,,,180953.0,10.52
1974-04-01,,4179091065.0,5162123186.0,,,,,,,,,191383.0,10.46
1974-05-01,,4341186368.0,5065323476.0,,,,,,,,,190324.0,10.78
1974-06-01,,6019358344.0,5231975576.0,,,,,,,,,147152.0,11.22
1974-07-01,,4617308518.0,5492336447.0,,,,,,,,,153784.0,11.3
1974-08-01,,4871716729.0,5547935890.0,,,,,,,,,106191.0,11.17
1974-09-01,,6123407917.0,5684886660.0,,,,,,,,,133479.0,11.17
1974-10-01,,4883807157.0,6453377437.0,,,,,,,,,145843.0,10.97
1974-11-01,,5000817436.0,7191662511.0,,,,,,,,,118056.0,10.48
1974-12-01,,8742088831.0,6579741671.000008,,,,,,,,,96814.0,10.04
1975-01-01,,4673990492.0,8213715699.0,,,,,,,,,129327.0,9.49
1975-02-01,,4337108779.0,5486170459.0,,,,,,,,,152826.0,9.46
1975-03-01,,5158785748.0,6227438543.0,,,,,,,,,207110.0,9.57
1975-04-01,,3998436980.0,6434634448.0,,,,,,,,,238467.0,9.06
1975-05-01,,4201297371.0,5766600147.0,,,,,,,,,202768.0,8.77
1975-06-01,,5504072373.0,6903550622.0,,,,,,,,,199172.0,8.74
1975-07-01,,5097690746.000004,6959078876.0,,,,,,,,,175592.0,8.71
1975-08-01,,5123810208.999996,6192340782.0,,,,,,,,,119604.0,8.71
1975-09-01,,6167462724.0,6337385728.0,,,,,,,,,186151.0,8.85
1975-10-01,,4893310445.0,6682360445.0,,,,,,,,,205828.0,9.09
1975-11-01,,4963394624.0,7750032361.0,,,,,,,,,154674.0,8.6
1975-12-01,,9172564087.0,7265319803.0,,,,,,,,,134529.0,8.53
1976-01-01,,5134272420.0,8710377931.0,,,,,,,,,160319.0,8.54
1976-02-01,,4903575954.0,6403690675.0,,,,,,,,,194710.0,8.34
1976-03-01,,5683768818.0,6431002585.0,,,,,,,,,271310.0,8.28
1976-04-01,,4910218535.0,5922550919.0,,,,,,,,,255652.0,8.53
1976-05-01,,4469877227.0,6299309407.999996,,,,,,,,,227581.0,8.88
1976-06-01,,6622265885.0,7136738146.000004,,,,,,,,,210394.0,8.84
1976-07-01,,5406462126.0,6894389860.0,,,,,,,,,162672.0,8.92
1976-08-01,,4939031389.0,6503046190.0,,,,,,,,,121828.0,8.67
1976-09-01,,6712768797.0,6413541166.0,,,,,,,,,191610.0,8.35
1976-10-01,,5404361499.0,7101709783.0,,,,,,,,,184462.0,8.14
1976-11-01,,5264969569.0,8551570917.0,,,,,,,,,177124.0,7.65
1976-12-01,,10404465201.0,6724137443.0,,,,,,,,,154405.0,7.76
1977-01-01,,5595444371.0,9409518023.0,,,,,,,,,181483.0,7.42
1977-02-01,,5271930453.0,6004843799.0,,,,,,,,,208641.0,7.39
1977-03-01,,6606620306.0,6779919035.0,,,,,,,,,309143.0,7.08
1977-04-01,,4942486945.0,6091648529.0,,,,,,,,,261325.0,6.75
1977-05-01,,5051925388.0,6309635062.0,,,,,,,,,252815.0,6.86
1977-06-01,,7458403785.0,7529475260.0,,,,,,,,,237805.0,6.83
1977-07-01,,5901953887.0,7452499202.0,,,,,,,,,198670.0,6.63
1977-08-01,,5418750387.0,7218830878.0,,,,,,,,,144227.0,6.56
1977-09-01,,7633431609.0,7072540731.0,,,,,,,,,199517.0,6.5
1977-10-01,,5910052315.0,7542950735.0,,,,,,,,,199229.0,6.5
1977-11-01,,5575895808.0,9450546250.0,,,,,,,,,186276.0,6.44
1977-12-01,,11201725659.0,7055037568.0,,,,,,,,,182147.0,6.34
1978-01-01,,5670723643.0,10457469117.0,,,,,,,,,205994.0,6.27
1978-02-01,,6108837952.0,6746252308.0,,,,,,,,,205140.0,6.05
1978-03-01,,7252398094.0,8181714187.0,,,,,,,,,305830.0,5.97
1978-04-01,,5535065586.0,6693166066.0,,,,,,,,,271208.0,6.05
1978-05-01,,5550088189.0,6977601643.0,,,,,,,,,242568.0,6.06
1978-06-01,,7910861671.0,8487481691.0,,,,,,,,,272191.0,6.19
1978-07-01,,6495579068.0,7181782765.0,,,,,,,,,216166.0,6.54
1978-08-01,,6076854455.0,8263357905.0,,,,,,,,,152794.0,6.42
1978-09-01,,7833885865.0,7845914130.0,,,,,,,,,210845.0,6.39
1978-10-01,,6797919161.0,8304352359.0,,,,,,,,,230355.0,6.61
1978-11-01,,6246110900.0,10184990191.0,,,,,,,,,195217.0,6.72
1978-12-01,,11940032322.0,7570082934.0,,,,,,,,,155446.0,6.82
1979-01-01,,6288144667.0,11650433039.0,,,,,,,,,198373.0,7.14
1979-02-01,,5978585017.0,7332426192.0,,,,,,,,,211327.0,7.36
1979-03-01,,7953223263.0,8211654103.0,,,,,,,,,361956.0,7.41
1979-04-01,,6165073167.0,7041292389.999996,,,,,,,,,290536.0,7.68
1979-05-01,,5924478583.0,8591728814.000004,,,,,,,,,282208.0,8.07
1979-06-01,,8657919530.0,8636429234.0,,,,,,,,,249678.0,8.11
1979-07-01,,7464448702.0,8766046592.0,,,,,,,,,202044.0,7.75
1979-08-01,,7218514008.0,8936237527.0,,,,,,,,,147024.0,7.57
1979-09-01,,8707419371.0,7416724878.0,,,,,,,,,175642.0,7.45
1979-10-01,,6969935829.0,9268383621.0,,,,,,,,,206940.0,8.03
1979-11-01,,6780217796.0,10952830341.0,,,,,,,,,174845.0,7.82
1979-12-01,,12654105458.0,7171323093.0,,,,,,,,,122826.0,7.89
1980-01-01,,6702387138.0,12935631741.0,,,,,,,,,198902.0,8.1
1980-02-01,,6701274757.0,8373021616.0,,,,,,,,,221878.0,8.95
1980-03-01,,8423464702.0,8122247813.0,,,,,,,,,283372.0,9.75
1980-04-01,,6551631561.0,8697446443.0,,,,,,,,,255051.0,8.94
1980-05-01,,6559155897.0,8854280796.0,,,,,,,,,225065.0,8.25
1980-06-01,,9267378617.0,9009067395.0,,,,,,,,,216700.0,8.03
1980-07-01,,7546684510.0,9419587857.0,,,,,,,,,198780.0,7.8
1980-08-01,,7015989999.0,8942310755.0,,,,,,,,,140764.0,8.02
1980-09-01,,9345128528.0,8948062349.0,,,,,,,,,185266.0,8.43
1980-10-01,,7057895832.0,8980949354.0,,,,,,,,,200488.0,8.69
1980-11-01,,7301520408.0,10126264513.0,,,,,,,,,160936.0,8.61
1980-12-01,,13696197469.0,7882141770.0,,,,,,,,,138985.0,9.02
1981-01-01,,6284698248.0,13544729252.0,,,,,,,,,168069.0,9.14
1981-02-01,,7173007908.0,9320066347.0,,,,,,,,,200597.0,10.43
1981-03-01,,8978881305.0,9652561257.0,,,,,,,,,292759.0,9.99
1981-04-01,,7683728220.0,9499826497.0,,,,,,,,,249080.0,10.15
1981-05-01,,6703520581.0,9172037109.0,,,,,,,,,216857.0,10.56
1981-06-01,,9298129464.0,10145139963.0,,,,,,,,,202698.0,10.32
1981-07-01,,7909910933.0,10141789130.0,,,,,,,,,196735.0,10.52
1981-08-01,,7250393864.0,9345347844.0,,,,,,,,,126421.0,10.69
1981-09-01,,9213815513.0,9075590213.0,,,,,,,,,176212.0,10.44
1981-10-01,,7410856213.0,9913812736.0,,,,,,,,,191087.0,10.35
1981-11-01,,7250915296.0,10989046598.0,,,,,,,,,164106.0,9.68
1981-12-01,,14561452587.0,8328282707.0,,,,,,,,,145714.0,9.74
1982-01-01,,6716700750.0,13922058937.0,,,,,,,,,147515.0,9.76
1982-02-01,,7082643966.0,9928830868.0,,,,,,,,,181801.0,9.72
1982-03-01,,8993997841.0,10732177960.0,,,,,,,,,283505.0,9.3
1982-04-01,,12271992239.0,10079031721.0,,,,,,,,,236077.0,8.79
1982-05-01,,7040190216.0,9292861481.0,,,,,,,,,206589.0,8.8
1982-06-01,,9917919901.0,10148367273.0,,,,,,,,,194198.0,9.35
1982-07-01,,7661844198.0,10256120980.0,,,,,,,,,162762.0,9.16
1982-08-01,,7412201555.0,9724203044.0,,,,,,,,,119557.0,8.8
1982-09-01,,9489537659.0,9206558359.0,,,,,,,,,158614.0,8.6
1982-10-01,,7651719699.0,9921480707.0,,,,,,,,,176611.0,8.27
1982-11-01,,7404877292.0,12196931340.0,,,,,,,,,147659.0,8.2
1982-12-01,,14177325168.0,9677144415.0,,,,,,,,,140649.0,7.89
1983-01-01,,6502564109.0,14099057534.0,,,,,,,,,158739.0,7.86
1983-02-01,,8103631301.0,10277849170.0,,,,,,,,,180169.0,7.54
1983-03-01,,9010488727.0,10856359127.0,,,,,,,,,317113.0,7.46
1983-04-01,,12972526906.0,10462161816.0,,,,,,,,,244780.0,7.6
1983-05-01,,7003374342.0,9384443220.0,,,,,,,,,244549.0,7.98
1983-06-01,,9744286748.0,10462995717.0,,,,,,,,,262750.0,8.1
1983-07-01,,8198172889.0,10400861157.0,,,,,,,,,174319.0,8.28
1983-08-01,,8181656904.0,10093660039.0,,,,,,,,,143269.0,8.52
1983-09-01,,9810838478.0,9446257360.0,,,,,,,,,195675.0,8.38
1983-10-01,,7949793223.0,9901357513.0,,,,,,,,,190586.0,8.24
1983-11-01,,6994066132.0,12027085546.0,,,,,,,,,168876.0,8.38
1983-12-01,,15358312943.0,8748170464.0,,,,,,,,,145949.0,8.36
1984-01-01,,7416278114.0,14428968406.0,,,,,,,,,183795.0,8.31
1984-02-01,,7910528372.0,9977504823.0,,,,,,,,,209590.0,8.11
1984-03-01,,9989822586.0,10197292240.0,,,,,,,,,294451.0,8.17
1984-04-01,,9549778105.0,10470009171.0,,,,,,,,,257478.0,8.11
1984-05-01,,7781009897.0,10406577451.0,,,,,,,,,263106.0,8.31
1984-06-01,,11068200470.0,10430173552.999992,,,,,,,,,155624.0,8.24
1984-07-01,,8817213791.0,10494181591.000008,,,,,,,,,154003.0,8.27
1984-08-01,,8789730706.0,10305889675.0,,,,,,,,,156797.0,7.96
1984-09-01,,11090450364.0,9753972212.0,,,,,,,,,194055.0,7.81
1984-10-01,,7596645469.0,10033272249.0,,,,,,,,,214579.0,7.47
1984-11-01,,8279402468.0,11771429858.0,,,,,,,,,171800.0,7.12
1984-12-01,,15797169461.0,10464283339.0,,,,,,,,,138661.0,7.02
1985-01-01,,7635448058.0,14604801537.0,,,,,,,,,160935.0,7.21
1985-02-01,,7835296165.0,11403901175.0,,,,,,,,,164469.0,7.62
1985-03-01,,10157091652.0,10934260463.0,,,,,,,,,244716.0,7.39
1985-04-01,,10007847318.0,10843853157.0,,,,,,,,,259143.0,7.27
1985-05-01,,7461337805.0,10093638371.0,,,,,,,,,227327.0,7.11
1985-06-01,,12346714976.0,10381345660.999992,,,,,,,,,200107.0,7.0
1985-07-01,,9524694178.0,10962803212.000008,,,,,,,,,225563.0,6.84
1985-08-01,,9250860179.0,10391401076.0,,,,,,,,,149929.0,6.41
1985-09-01,,12665588973.0,8826126091.0,,,,,,,,,185653.0,6.35
1985-10-01,,7950436320.0,10119270588.0,,,,,,,,,227703.0,6.66
1985-11-01,,8200247475.0,12086000957.0,,,,,,,,,182279.0,6.54
1985-12-01,,16783500198.0,10811600811.0,,,,,,,,,151437.0,6.3
1986-01-01,,7089604173.0,14425814107.0,,,,,,,,,200946.0,6.3
1986-02-01,,8500424800.0,9753563515.0,,,,,,,,,195852.0,5.89
1986-03-01,,10402374588.0,10661907082.0,,,,,,,,,272856.0,5.31
1986-04-01,,11696864309.0,11076549216.0,,,,,,,,,310625.0,5.38
1986-05-01,,7784101737.0,10230889515.0,,,,,,,,,247767.0,5.94
1986-06-01,,13247331468.0,10752187305.000008,,,,,,,,,248956.0,5.73
1986-07-01,,10472080064.0,11777363209.999992,,,,,,,,,238719.0,5.72
1986-08-01,,8188839881.0,10465909611.0,,,,,,,,,182876.0,5.54
1986-09-01,,11142897282.0,10040336526.0,,,,,,,,,225581.0,6.04
1986-10-01,,8121294673.0,11705511849.0,,,,,,,,,252776.0,6.13
1986-11-01,,8500482608.0,11582602792.0,,,,,,,,,203894.0,5.89
1986-12-01,,16665678393.0,11242739389.0,,,,,,,,,248590.0,5.93
1987-01-01,,7951501598.0,14741582393.0,,,,,,,,,145122.0,5.95
1987-02-01,,8104689436.0,9837548766.0,,,,,,,,,190175.0,5.99
1987-03-01,,10742940111.0,10746935611.0,,,,,,,,,293496.0,5.65
1987-04-01,,12663221882.0,11839150659.0,,,,,,,,,318609.0,5.59
1987-05-01,,7443100110.0,10047827976.0,,,,,,,,,285008.0,5.63
1987-06-01,,11744577062.0,11094966991.000008,,,,,,,,,264283.0,6.0
1987-07-01,,9292474917.999992,12126498989.999992,,,,,,,,,270783.0,6.24
1987-08-01,,8996983853.000008,10775249373.0,,,,,,,,,183224.0,6.45
1987-09-01,,11928624429.0,10209734052.0,,,,,,,,,234518.0,6.83
1987-10-01,,8457504777.0,11757884865.0,,,,,,,,,258441.0,6.36
1987-11-01,,8704917981.0,12602988645.0,,,,,,,,,224866.0,6.25
1987-12-01,,17256596099.0,11781026532.0,,,,,,,,,247129.0,6.42
1988-01-01,,8091245399.0,14537679403.0,,,,,,,,,152012.0,6.37
1988-02-01,,8606664628.000002,10859464573.0,,,,,,,,,197961.0,6.2
1988-03-01,,11027883598.999998,11029332128.0,,,,,,,,,306919.0,6.23
1988-04-01,,9198325756.0,11211614062.0,,,,,,,,,284475.0,6.45
1988-05-01,,8998722586.0,11393755835.0,,,,,,,,,267290.0,6.64
1988-06-01,,11779478039.0,11546508934.0,,,,,,,,,269527.0,6.68
1988-07-01,,9777755383.0,11923875782.0,,,,,,,,,235515.0,6.81
1988-08-01,,8691150627.0,11792667956.0,,,,,,,,,186407.0,6.75
1988-09-01,,11954599015.0,10664688861.0,,,,,,,,,253254.0,6.56
1988-10-01,,8839999742.0,11997571157.0,,,,,,,,,217357.0,6.24
1988-11-01,,7806670479.0,13030843663.0,,,,,,,,,212824.0,6.43
1988-12-01,,17621562952.0,10808234459.0,,,,,,,,,224398.0,6.56
1989-01-01,,8115977469.0,15659666041.0,,,,,,,,,187748.0,6.57
1989-02-01,,10150575773.0,11830180298.0,,,,,,,,,213495.0,6.93
1989-03-01,,12141052920.0,11403009229.0,,,,,,,,,306527.0,6.95
1989-04-01,,11934947119.0,12382113275.0,,,,,,,,,294072.0,6.81
1989-05-01,,9752046666.0,11738957649.0,,,,,,,,,248036.0,6.96
1989-06-01,,12833830122.0,11629596345.0,,,,,,,,,281807.0,6.7
1989-07-01,,11003857081.0,12445986025.0,,,,,,,,,225429.0,6.61
1989-08-01,,9683862180.0,11936721606.0,,,,,,,,,193059.0,6.81
1989-09-01,,12740614421.0,10573679271.0,,,,,,,,,209580.0,6.98
1989-10-01,,9851035387.0,12450479947.0,,,,,,,,,245783.0,7.07
1989-11-01,,9821430162.0,14058106740.0,,,,,,,,,214184.0,7.28
1989-12-01,,19870879513.0,12053272265.0,,,,,,,,,212020.0,7.25
1990-01-01,,8287927911.000001,17072825318.0,,,,,,,,,213265.0,7.69
1990-02-01,,10274172998.0,12540487400.0,,,,,,,,,221428.0,8.64
1990-03-01,,12363348028.0,12035721049.0,,,,,,,,,312963.0,8.41
1990-04-01,,13601788958.0,12477910124.0,,,,,,,,,277071.0,8.78
1990-05-01,,9456602901.0,12011231315.999992,,,,,,,,,286364.0,8.67
1990-06-01,,12725237500.000008,11960537146.000008,,,,,,,,,259254.0,8.68
1990-07-01,,11692943727.999992,16299541199.0,,,,,,,,,271801.0,8.47
1990-08-01,,11267872585.0,12695089152.0,,,,,,,,,224088.0,8.87
1990-09-01,,12990926096.0,11753752425.0,,,,,,,,,216726.0,9.11
1990-10-01,,11071720534.0,13257778118.999985,,,,,,,,,296507.0,8.99
1990-11-01,,10738179750.0,14657333509.000015,,,,,,,,,262569.0,8.86
1990-12-01,,45328241540.0,47618784976.0,,,,,,,,,198747.0,8.97
1991-01-01,19486765210.0,9717318956.0,21261185947.0,,,,,,,79.0,,319748.0,8.64
1991-02-01,21154906101.0,11929393277.0,15830935137.0,,,,,,,76.9,,342725.0,8.29
1991-03-01,27242296110.0,14176242799.0,18951998973.0,58504333333.333336,50354666666.666664,,63.15,68.12,,80.7,,444576.0,8.51
1991-04-01,19500161057.0,15084010048.0,17070037890.0,,,,,,,82.1,,442732.0,8.37
1991-05-01,21880684927.0,12008043607.0,16155108593.0,,,,,,,75.8,,427935.0,8.27
1991-06-01,30590746640.0,15449610920.0,13696158481.0,57784666666.666664,57109666666.666664,,65.02,68.89,,82.1,,430947.0,8.49
1991-07-01,24591605610.0,13931151354.0,16732290232.0,,,,,,,78.0,,552865.0,8.68
1991-08-01,24482904956.0,14088582308.0,15931860293.0,,,,,,,70.1,,165040.0,8.41
1991-09-01,31688081275.0,17055846650.0,15052673780.0,60813000000.0,57006666666.666664,,65.57,69.67,,80.7,,233290.0,8.38
1991-10-01,23115812724.0,13740691560.000015,18694380480.0,,,,,,,85.9,,293570.0,8.38
1991-11-01,23280346451.0,13897613100.999985,17404923304.0,,,,,,,82.8,,272966.0,8.3
1991-12-01,47688858439.0,27142202079.0,18640398539.0,69798666666.66667,65400666666.666664,,67.76,71.58,,76.1,,232280.0,8.05
1992-01-01,24162887368.0,11825486862.0,21064618501.0,,,,,,,77.3,,328666.0,7.9
1992-02-01,25452109846.0,15131953040.0,16469901777.0,,,,,,,78.8,,316802.0,7.86
1992-03-01,33102007843.0,17588480851.0,16592913487.0,62277000000.0,58481333333.333336,,66.98,70.58,,84.9,,425922.0,8.06
1992-04-01,23243584565.0,17285682598.0,16446568698.0,,,,,,,79.8,,401095.0,8.03
1992-05-01,25043025212.0,14820166222.0,17204915616.0,,,,,,,75.3,,357968.0,7.96
1992-06-01,34561797293.0,18631598392.0,15915794612.0,63974000000.0,64013666666.666664,,68.39,70.45,,79.4,,356964.0,8.05
1992-07-01,26357045346.0,15589243028.0,18407453509.0,,,,,,,75.7,,352270.0,8.2
1992-08-01,26412571645.0,15760779645.0,16439152427.0,,,,,,,67.5,,230724.0,7.89
1992-09-01,33082118589.0,17634621975.0,18610608081.0,67205000000.0,61984666666.666664,,69.32,71.66,,82.0,,280111.0,7.5
1992-10-01,23979998262.0,13263107364.0,18257977538.0,,,,,,,83.0,,301522.0,7.38
1992-11-01,24995884100.0,14450914277.0,19993108604.0,,,,,,,79.6,,285730.0,7.33
1992-12-01,48180772358.0,26296180987.0,23005263018.0,76436666666.66667,70413333333.33333,,70.77,73.26,,73.9,,291784.0,7.19
1993-01-01,24298584233.0,12753928307.0,21199123532.0,,,,,,,65.8,,238246.0,7.07
1993-02-01,25985182761.0,14630450081.0,17864560201.0,,,,,,,68.8,,238406.0,6.68
1993-03-01,32477055777.0,16757193083.0,18648057289.0,66084333333.333336,61112333333.333336,,69.93,69.16,,80.4,,364201.0,6.65
1993-04-01,23789030744.0,16685040517.0,18396065809.0,,,,,,,71.6,,339769.0,6.78
1993-05-01,25509732441.0,14123605985.0,17538175742.0,,,,,,,68.3,,282038.0,6.82
1993-06-01,35353277125.0,18353497512.0,17593010108.0,67772000000.0,65956000000.0,,71.3,70.22,,74.8,,286140.0,6.63
1993-07-01,25940802626.0,14083553962.0,21280845429.000015,,,,,,,67.0,,267233.0,6.51
1993-08-01,27025866256.0,15484435246.0,18216204123.999985,,,,,,,65.7,,210452.0,6.18
1993-09-01,34586492691.0,18225620003.0,19313934016.0,70475000000.0,63849000000.0,,71.67,71.6,,77.5,,255602.0,6.06
1993-10-01,24952731066.0,15505014215.0,19423680433.0,,,,,,,76.1,,252567.0,5.88
1993-11-01,26554813046.0,14931010923.0,22125307380.0,,,,,,,77.0,,229204.0,5.86
1993-12-01,50402182194.0,28116870501.0,22296894090.0,78726000000.0,73921666666.66667,,72.97,73.16,,74.5,,230336.0,5.54
1994-01-01,26664996447.0,13894697812.0,23740876098.0,,,,,,,66.6,81.8,249211.0,5.68
1994-02-01,29675022880.0,16864906648.0,19326360438.0,,,,,,,69.5,81.1,243597.0,6.23
1994-03-01,34932535036.0,20018493112.0,19480969535.0,69879666666.66667,66180000000.0,,71.81,71.01,,80.9,95.3,372668.0,6.29
1994-04-01,26009417996.0,18532640244.0,18274427971.0,,,,,,,71.4,86.2,288821.0,6.63
1994-05-01,27469156317.0,15962586553.0,18926156003.0,,,,,,,72.4,86.4,305228.0,6.93
1994-06-01,34173931272.0,19322475015.0,18468416761.0,70426333333.33333,70028333333.33333,,72.4,72.09,,77.6,83.2,303772.0,6.91
1994-07-01,27894704550.0,15745273995.0,19919366582.0,,,,,,,68.9,83.2,254177.0,6.91
1994-08-01,27873639324.0,16168013322.0,18092319435.0,,,,,,,68.4,83.1,199537.0,7.21
1994-09-01,34416181365.0,17761162025.0,19979325825.0,73287000000.0,66626666666.666664,,73.01,73.4,,80.0,86.7,255486.0,7.6
1994-10-01,26351114361.0,16874923061.0,18850488688.0,,,,,,,77.3,87.1,246818.0,7.63
1994-11-01,26594335909.0,15594617095.0,20298749308.0,,,,,,,80.9,91.5,245965.0,7.34
1994-12-01,53353052157.0,28327480631.0,25587249965.0,82412333333.33333,77594666666.66667,,74.2,75.49,,77.9,110.3,243944.0,7.59
1995-01-01,28423380355.0,13110545707.0,20134040439.0,,,,,,,71.1,83.4,246560.0,7.42
1995-02-01,29828768349.0,16758911646.0,17987841996.0,,,,,,,71.7,82.3,241142.0,7.34
1995-03-01,34712986302.0,16309071375.0,20951772417.0,108559333333.33333,67993333333.333336,,72.94,72.64,,83.5,92.2,360744.0,7.18
1995-04-01,25374240092.0,15996205926.0,15935347894.0,,,,,,,70.6,88.8,297329.0,7.03
1995-05-01,28636128907.0,16651576267.0,15400669079.0,,,,,,,77.3,91.2,321607.0,6.7
1995-06-01,36939764703.0,16855388059.0,22145796006.0,74147333333.33333,71911666666.66667,,73.77,73.49,,76.6,84.9,326766.0,6.93
1995-07-01,29385376030.0,20433541750.0,22634416200.0,,,,,,,70.4,84.3,268387.0,6.76
1995-08-01,29526185814.0,15339594939.0,18604275583.0,,,,,,,69.1,85.7,216764.0,6.71
1995-09-01,36146699867.0,17887703442.0,19822229296.0,81783333333.33333,69961333333.33333,,74.58,74.61,,78.4,87.0,272191.0,6.6
1995-10-01,28103158250.0,18483224122.0,19501708103.0,,,,,,,77.1,87.1,267454.0,6.45
1995-11-01,28213597296.0,15183804442.0,23055194572.0,,,,,,,81.6,93.1,262242.0,6.16
1995-12-01,56039072926.0,28731136669.0,21402797935.0,85352666666.66667,80213000000.0,,75.48,76.36,,72.7,107.1,232875.0,6.02
1996-01-01,27711917702.0,12173225789.0,22574806502.0,,,,,,57.0,71.6,84.5,275607.0,5.92
1996-02-01,29160151956.0,14308872935.0,18582184313.0,,,,,,57.3,72.8,83.4,266700.0,6.38
1996-03-01,34401456159.0,16189010507.0,16495332709.0,75328000000.0,69468666666.66667,,73.86,72.87,57.4,77.8,88.9,375378.0,6.43
1996-04-01,24971342090.0,17113045906.0,18534938228.0,,,,,,57.3,73.9,90.2,421201.0,6.35
1996-05-01,26649350915.0,13352621011.0,20148021467.0,,,,,,57.4,73.9,88.4,338790.0,6.51
1996-06-01,37067127511.0,15787526505.0,15993247956.0,77052666666.66667,73094666666.66667,,74.08,74.01,57.5,73.9,81.5,316540.0,6.5
1996-07-01,27732062603.0,15445729432.0,21435040839.0,,,,,,57.6,74.8,86.5,304959.0,6.37
1996-08-01,28722639493.0,14779533416.0,17631820556.0,,,,,,57.5,68.2,84.8,228316.0,6.39
1996-09-01,35483503167.0,17009392533.999985,18013867537.0,78962666666.66667,71318333333.33333,,74.66,75.7,57.5,78.8,84.3,328624.0,6.09
1996-10-01,26777429531.0,14288074540.000015,21070888638.0,,,,,,57.5,80.8,89.4,285918.0,6.0
1996-11-01,26864195763.0,13691442174.0,21193932453.0,,,,,,57.4,80.5,92.1,260066.0,5.62
1996-12-01,56372486361.0,28642573633.0,21245039805.0,87234000000.0,81306000000.0,,75.58,77.3,57.6,72.2,104.6,232997.0,5.77
1997-01-01,27710025922.0,11325193872.0,25282603386.0,,,,,,58.0,71.5,85.2,266069.0,5.69
1997-02-01,26013457202.0,13013742220.0,16822731220.0,,,,,,58.2,71.9,78.8,259584.0,5.79
1997-03-01,33629916711.000004,15174830081.0,17717540114.0,77295000000.0,70472000000.0,,73.85,72.98,58.2,75.0,86.0,343427.0,6.18
1997-04-01,24683842665.0,16641032716.0,18790445257.0,,,,,,58.0,81.2,90.6,350773.0,6.12
1997-05-01,26688362485.0,13951428908.0,18830657879.0,,,,,,58.2,70.7,86.2,292660.0,6.24
1997-06-01,36783360517.0,16609713110.0,16306859038.0,77684000000.0,74483000000.0,,74.05,75.96,58.3,81.2,81.9,344194.0,5.96
1997-07-01,28424505197.0,16273894307.0,20498793374.000015,,,,,,58.5,79.7,85.2,326394.0,5.76
1997-08-01,26894208597.0,13667971640.0,16114825059.999985,,,,,,58.6,67.0,78.6,243320.0,5.93
1997-09-01,36422286191.0,15738228983.0,17478052852.0,79077333333.33333,72139666666.66667,,74.92,76.93,58.4,82.7,83.9,277608.0,5.72
1997-10-01,26558545477.0,13322553282.0,18942399269.0,,,,,,58.3,84.3,89.5,308505.0,5.79
1997-11-01,26045003911.0,15126127260.0,19729724225.0,,,,,,58.3,82.6,87.4,250698.0,5.7
1997-12-01,58641753118.0,32643515030.0,19435010052.0,85630333333.33334,82741666666.66667,,75.77,78.59,58.4,77.0,104.1,264956.0,5.48
1998-01-01,27954781346.0,14784409817.0,26383303575.0,,,,,,58.4,73.4,83.6,261646.0,5.23
1998-02-01,26056559108.0,12807263716.0,17632894729.0,,,,,,58.6,75.7,78.5,280249.0,5.09
1998-03-01,34247812949.0,14937194914.0,17546466602.0,78731666666.66667,71235000000.0,,74.16,76.19,58.4,87.0,88.5,435821.0,5.06
1998-04-01,26686572964.0,12494652430.0,17523816983.0,,,,,,58.5,80.0,88.7,299220.0,5.25
1998-05-01,27851756032.0,19360688578.0,17527721000.0,,,,,,58.7,77.0,85.7,318830.0,5.07
1998-06-01,38661488984.0,16775045974.0,21135487662.0,78155666666.66667,77493000000.0,,74.81,76.74,58.8,81.5,80.2,343477.0,5.0
1998-07-01,30149450617.0,16553029823.0,20732883939.0,,,,,,59.0,83.0,86.6,323079.0,4.83
1998-08-01,28403951264.0,14527516560.0,18327234745.0,,,,,,58.9,71.1,79.8,256002.0,4.43
1998-09-01,39028443167.0,15963952987.0,18363161601.0,80708666666.66667,73390666666.66667,,75.38,78.88,58.7,85.2,84.2,302567.0,4.18
1998-10-01,28222902809.0,14691224885.0,19724667603.0,,,,,,58.6,86.1,88.8,327296.0,4.37
1998-11-01,27632002781.0,17061877191.0,22024773533.0,,,,,,58.6,85.3,90.0,297152.0,4.2
1998-12-01,61369955466.0,34721872770.0,16696764836.0,87934666666.66666,85551333333.33333,,76.31,80.66,58.6,78.5,106.1,290648.0,4.1
1999-01-01,30255700000.0,13859841468.0,28154676013.0,,,,,,58.5,71.6,81.2,273341.0,3.85
1999-02-01,27315500000.0,13804164596.0,18091931235.0,,,,,,58.6,75.0,78.7,269260.0,4.22
1999-03-01,35097300000.0,16241835673.0,16870680969.0,81198666666.66667,74593000000.0,,75.01,77.9,58.7,88.4,92.4,429896.0,4.25
1999-04-01,28794400000.0,18515216779.0,18260178845.0,,,,,,59.0,79.8,86.1,368130.0,4.05
1999-05-01,29802600000.0,14973421003.0,18609497989.0,,,,,,59.0,76.8,83.4,333676.0,4.33
1999-06-01,42315500000.0,18804247272.0,18283709773.0,80849666666.66667,81027333333.33333,,75.45,78.6,59.0,84.8,81.9,363223.0,4.76
1999-07-01,32081100000.0,16803028327.0,24375736954.0,,,,,,59.3,80.2,84.9,341045.0,4.96
1999-08-01,30995300000.0,14714509173.0,19552737569.0,,,,,,59.3,74.8,80.0,262766.0,5.14
1999-09-01,41366200000.0,20428338062.0,21248771267.0,83149000000.0,77432000000.0,,75.74,80.82,59.1,87.1,82.2,308979.0,5.34
1999-10-01,28650200000.0,16042910843.0,19283623773.0,,,,,,59.1,85.7,87.5,292985.0,5.37
1999-11-01,29907100000.0,15588665708.0,26185889459.0,,,,,,59.1,89.8,90.5,274378.0,5.33
1999-12-01,65430700000.0,40867518353.0,17951849377.0,90531666666.66667,89753000000.0,,76.21,82.51,59.4,83.5,106.0,284497.0,5.46
2000-01-01,31194900000.0,13172537987.0,30422367768.0,,,,,,59.5,75.4,79.9,234310.0,5.72
2000-02-01,30402700000.0,15805820411.0,18462600754.0,,,,,,59.6,83.0,82.6,273186.0,5.61
2000-03-01,35533400000.0,16297377685.0,17080393374.999992,82759000000.0,76568000000.0,,74.83,80.33,59.6,91.8,89.0,386127.0,5.32
2000-04-01,28614600000.0,17242925946.0,18218018238.000008,,,,,,59.6,79.1,88.4,275491.0,5.48
2000-05-01,34860200000.0,18196938203.0,19844102367.0,,,,,,59.5,90.8,91.6,351647.0,5.37
2000-06-01,46332900000.0,20828303896.0,16982301778.0,81968333333.33333,83707333333.33333,,74.88,80.8,59.8,83.2,80.5,292878.0,5.34
2000-07-01,32125600000.0,17816039858.0,24907076734.0,,,,,,60.0,83.0,82.7,276542.0,5.33
2000-08-01,30617000000.0,16071308855.999985,18511678786.0,,,,,,59.9,81.6,83.6,251320.0,5.36
2000-09-01,43271400000.0,19830868708.000015,18530236766.0,83477333333.33333,78518000000.0,,75.52,81.76,60.0,89.9,84.4,270393.0,5.31
2000-10-01,30089200000.0,15627821497.0,20552353075.0,,,,,,59.9,89.9,86.4,259474.0,5.31
2000-11-01,29600400000.0,14992122432.0,23461790150.0,,,,,,60.0,94.6,90.9,266114.0,5.14
2000-12-01,63472700000.0,34642289918.0,17431910183.0,92943666666.66667,90185333333.33333,,76.15,82.33,60.6,84.2,104.0,240861.0,4.96
2001-01-01,34389500000.0,15053691369.0,32319329884.0,,,,,,60.2,84.0,84.4,242242.0,4.89
2001-02-01,29356900000.0,15810557060.0,18016886182.0,,,,,,60.6,83.6,78.6,236150.0,4.83
2001-03-01,33691200000.0,14955877242.0,17055724083.999992,84780666666.66667,77616000000.0,,75.54,81.72,60.6,93.7,90.0,356024.0,4.82
2001-04-01,28229300000.0,18123164328.0,18529545417.000008,,,,,,60.9,82.9,88.1,295013.0,5.16
2001-05-01,31061300000.0,16211761452.0,18753723156.0,,,,,,61.1,88.0,89.5,330325.0,5.35
2001-06-01,43036000000.0,18257223576.0,17614168394.0,83754000000.0,83080000000.0,,75.75,81.72,61.2,85.4,81.9,302643.0,5.22
2001-07-01,32983900000.0,22430871169.0,25205469436.0,,,,,,61.4,84.1,83.1,277252.0,5.08
2001-08-01,31097000000.0,18406219181.0,19092175589.0,,,,,,61.2,81.6,83.6,256418.0,4.96
2001-09-01,38393900000.0,16773482252.0,17330489836.0,85493000000.0,77697000000.0,,76.68,82.96,61.1,85.7,82.0,257918.0,4.99
2001-10-01,29051100000.0,15099922193.0,21392216029.0,,,,,,60.9,89.9,87.4,284317.0,4.62
2001-11-01,28188600000.0,14409580321.0,22090550695.0,,,,,,60.8,90.4,91.9,277242.0,4.77
2001-12-01,57879400000.0,34673543028.0,15745128028.0,94715333333.33333,87482666666.66666,,77.73,84.14,61.5,76.8,102.0,226174.0,5.12
2002-01-01,33140400000.0,14331494222.0,32860489379.0,,,,,,61.5,80.9,80.0,243400.0,5.08
2002-02-01,28527100000.0,14485860828.0,19040595545.0,,,,,,61.7,79.8,75.8,233281.0,5.07
2002-03-01,30101400000.0,13423971454.0,17736346298.0,87108333333.33333,76462333333.33333,,76.99,80.59,61.8,85.3,86.2,321840.0,5.35
2002-04-01,27724700000.0,17553595265.0,18993181385.0,,,,,,61.8,87.2,86.7,304326.0,5.23
2002-05-01,31562600000.0,17247971349.0,19361850011.0,,,,,,61.8,80.9,85.4,282632.0,5.27
2002-06-01,38380600000.0,16005262418.0,18715911726.0,86201666666.66667,81780333333.33333,,76.87,81.99,61.8,86.4,79.1,308450.0,5.07
2002-07-01,32976100000.0,18336439367.0,27610850955.0,,,,,,62.0,87.0,84.3,282560.0,4.98
2002-08-01,31153800000.0,18625679524.0,18572705311.0,,,,,,61.9,78.7,82.0,244287.0,4.7
2002-09-01,38098800000.0,19961566669.0,18659066678.0,87870333333.33333,79087333333.33333,,77.95,83.98,61.8,88.4,81.7,266005.0,4.48
2002-10-01,31276400000.0,16790442962.0,19810506987.0,,,,,,61.7,90.8,88.1,281057.0,4.7
2002-11-01,28421200000.0,14975393638.0,21369190524.0,,,,,,61.5,90.2,88.7,256564.0,4.71
2002-12-01,62645200000.0,34886561436.0,16555197765.0,96365666666.66667,89932666666.66667,,78.48,84.44,62.2,78.9,99.6,228496.0,4.4
2003-01-01,29860700000.0,12206306572.0,34237543379.000004,,,,,,62.1,81.3,79.8,237778.0,4.21
2003-02-01,29245100000.0,15097585032.0,19843271618.999996,,,,,,62.5,82.5,75.1,230417.0,4.16
2003-03-01,30015700000.0,13550862607.0,18359581768.0,89077999999.99998,78929000000.0,,78.13,80.45,62.6,88.2,83.0,318659.0,4.25
2003-04-01,28509400000.0,18740490129.0,19591373442.0,,,,,,62.4,85.0,87.4,287350.0,4.36
2003-05-01,32408200000.0,17845063150.0,20036818195.0,,,,,,62.2,83.3,86.4,304953.0,3.9
2003-06-01,40432200000.0,17142488467.0,19575163947.0,87929333333.33333,83230333333.33333,,78.03,81.45,62.4,82.8,77.5,299174.0,4.09
2003-07-01,33361900000.0,18747293763.0,28696803341.0,,,,,,62.5,88.4,83.2,288084.0,4.25
2003-08-01,29602700000.0,15799482677.0,21318126000.0,,,,,,62.6,74.4,78.5,228001.0,4.34
2003-09-01,39172700000.0,17478512846.0,18966995012.0,89639333333.33333,79376333333.33333,,79.01,83.84,62.5,89.3,82.5,285208.0,4.26
2003-10-01,29964800000.0,16680241310.0,19572234130.0,,,,,,62.4,92.0,87.7,269124.0,4.52
2003-11-01,29724500000.0,20172036134.0,20504421099.0,,,,,,62.3,89.9,85.3,256205.0,4.61
2003-12-01,62548300000.0,34068075539.0,16000612101.0,95720333333.33333,92227333333.33333,,79.22,84.78,62.9,83.0,99.8,231985.0,4.47
2004-01-01,30628900000.0,11105043102.0,35823686804.0,,,,,,62.9,80.4,80.6,208212.0,4.48
2004-02-01,30218500000.0,15510639965.0,20104002900.0,,,,,,63.0,83.2,76.7,224092.0,4.25
2004-03-01,27954300000.0,12577002843.0,18096715323.0,90000333333.33333,79467333333.33333,,78.91,82.09,63.2,96.4,87.9,332963.0,4.18
2004-04-01,30960500000.0,16982656430.0,17395772022.0,,,,,,63.4,87.7,89.0,297126.0,4.4
2004-05-01,31565500000.0,16535670797.0,20455932088.0,,,,,,63.6,84.5,82.0,282562.0,4.49
2004-06-01,41193400000.0,17547703449.0,19137730151.0,87129000000.0,82226333333.33333,,79.16,82.92,63.6,92.2,82.4,311162.0,4.49
2004-07-01,30246300000.0,16509500669.0,29304296431.0,,,,,,63.8,88.7,84.9,267620.0,4.39
2004-08-01,29796700000.0,15677693012.0,18676360372.0,,,,,,63.9,81.1,79.5,220862.0,4.21
2004-09-01,38994500000.0,20490068961.0,17644322015.0,88142333333.33334,79316000000.0,,79.89,83.75,63.6,94.0,83.4,274538.0,4.13
2004-10-01,28101800000.0,15067467057.0,18890982169.0,,,,,,63.8,92.5,86.2,281180.0,4.01
2004-11-01,29511300000.0,18843825905.0,20823626280.0,,,,,,63.5,94.9,89.0,284761.0,3.9
2004-12-01,60344900000.0,34987264400.0,15240719210.0,93755000000.0,91868666666.66667,,80.06,85.04,64.3,87.7,101.4,281748.0,3.79
2005-01-01,28503200000.0,8451087297.0,36771669046.0,,,92.19637,,,63.9,82.8,79.1,200419.0,3.64
2005-02-01,31228400000.0,16706497993.0,19392872035.0,,,91.98115,,,64.1,84.6,75.6,218841.0,3.78
2005-03-01,30671300000.0,15434927733.0,19257333037.0,90646333333.33334,81571666666.66667,90.0785,79.63,81.3,64.4,93.5,86.2,331538.0,3.78
2005-04-01,28802400000.0,17196444581.0,18976346752.0,,,89.93086,,,64.4,92.9,87.1,309378.0,3.51
2005-05-01,32980300000.0,18227011979.0,20233158090.0,,,89.35055,,,64.6,86.0,83.6,299992.0,3.36
2005-06-01,40440900000.0,20633328846.0,21466901963.000015,88497000000.0,83309333333.33333,89.33171,79.46,83.75,64.7,97.7,82.6,336629.0,3.24
2005-07-01,30997400000.0,23010063595.0,28039979125.999985,,,91.13836,,,65.0,88.9,81.3,270936.0,3.26
2005-08-01,30149700000.0,22642387129.0,20488296659.0,,,92.02141,,,65.1,84.9,82.0,246666.0,3.21
2005-09-01,40655600000.0,17673018728.0,19206973749.0,88911000000.0,81037333333.33333,92.90604,80.15,84.44,65.3,98.2,82.9,284172.0,3.26
2005-10-01,29266700000.0,17113859940.0,20209555013.0,,,94.418,,,65.4,93.8,84.3,288598.0,3.49
2005-11-01,29198900000.0,16887739100.0,22865449072.0,,,94.90335,,,65.0,100.2,87.5,275217.0,3.49
2005-12-01,62460300000.0,34432925040.0,12940808778.0,95276666666.66667,91280666666.66666,95.03248,80.49,85.65,65.6,92.2,99.7,256873.0,3.34
2006-01-01,30381400000.0,12892332438.0,38063959519.0,,,96.53621,,,65.3,89.4,79.9,223108.0,3.56
2006-02-01,32504600000.0,16450417470.0,19084267924.0,,,97.69724,,,65.5,89.4,75.7,215963.0,3.58
2006-03-01,32964800000.0,17915608420.0,17450901719.0,91608666666.66667,84660333333.33333,98.07093,79.8,84.25,65.6,103.6,85.8,358072.0,3.84
2006-04-01,31742200000.0,16697746066.0,18164649433.0,,,97.96001,,,65.8,88.6,84.7,284873.0,4.08
2006-05-01,35589300000.0,20299586157.0,19693811765.0,,,98.88576,,,65.9,97.7,86.5,330102.0,4.03
2006-06-01,43874300000.0,20609520680.0,18270455123.0,88766000000.0,87419666666.66667,99.03194,79.78,85.33,66.1,97.0,81.8,323776.0,4.17
2006-07-01,34569600000.0,18685341631.0,30386681256.0,,,98.81138,,,66.4,93.7,80.9,265845.0,4.0
2006-08-01,31831800000.0,18075331914.0,19838778169.0,,,98.65262,,,66.3,92.2,82.2,244757.0,3.87
2006-09-01,43880800000.0,22371005575.0,18015381906.0,89458666666.66666,84658666666.66667,99.05388,80.54,86.92,65.9,100.7,81.5,298179.0,3.73
2006-10-01,32110400000.0,14998092187.0,20853669958.0,,,99.40546,,,66.0,100.5,83.5,293832.0,3.84
2006-11-01,31560800000.0,18727510687.0,22512086647.0,,,100.80084,,,65.9,106.7,86.7,326038.0,3.77
2006-12-01,65128800000.0,35083847384.0,18711253417.0,96591333333.33333,95491333333.33333,101.80787,80.99,89.58,66.5,94.3,100.1,303416.0,3.99
2007-01-01,34255900000.0,16793651892.000002,39806275708.0,,,101.48327,,,66.4,95.7,78.2,199686.0,4.15
2007-02-01,37937200000.0,17972056864.0,17301418666.0,,,100.07433,,,66.7,95.3,75.1,183258.0,4.01
2007-03-01,38383800000.0,20929040112.0,18525383794.0,91904333333.33333,89809333333.33333,100.73444,81.34,87.67,66.9,108.4,87.0,334592.0,4.11
2007-04-01,36594100000.0,19006322516.0,20663813732.0,,,101.07391,,,67.1,96.3,84.1,264871.0,4.28
2007-05-01,39260800000.0,22289465489.0,19319692407.0,,,101.15818,,,67.3,100.5,82.4,293484.0,4.44
2007-06-01,49381000000.0,23005816245.0,19011166652.0,88766666666.66667,92456333333.33333,99.92458,81.2,87.95,67.3,103.3,80.2,301108.0,4.61
2007-07-01,36964700000.0,22228969581.0,33463186107.0,,,100.17426,,,67.7,102.2,79.1,258639.0,4.42
2007-08-01,35264200000.0,19358168552.0,19571448691.0,,,99.82415,,,67.6,97.2,80.8,239381.0,4.36
2007-09-01,48415100000.0,21172320612.0,18218157600.0,90171333333.33333,88501999999.99998,99.27158,82.11,89.53,67.7,103.6,78.3,265473.0,4.43
2007-10-01,33866800000.0,16849053505.0,21777879804.0,,,99.83633,,,67.8,111.2,84.5,281845.0,4.29
2007-11-01,34600700000.0,20523962074.0,20165687826.0,,,98.71325,,,68.2,111.9,84.3,283921.0,4.21
2007-12-01,68893100000.0,35589468289.0,22625824953.0,98117333333.33333,99504333333.33333,98.82023,82.39,91.2,68.6,94.6,92.5,241905.0,4.46
2008-01-01,37778165000.0,16652371927.0,40061150740.0,,,98.16351,,,68.4,101.3,78.9,220742.0,4.1
2008-02-01,39387236000.0,20398271473.0,18402123073.0,,,98.15056,,,68.7,103.6,77.5,228623.0,4.1
2008-03-01,41681652000.0,21754810500.0,18164814365.0,94553333333.33333,92709666666.66667,98.14675,82.18,88.8,69.1,102.5,80.1,286549.0,4.12
2008-04-01,38485082000.0,20494400758.0,22828430036.0,,,97.07743,,,68.9,112.1,84.0,317960.0,4.33
2008-05-01,40520738000.0,23737259745.0,19922212392.0,,,96.79425,,,69.4,99.7,83.2,275259.0,4.55
2008-06-01,51823064000.0,23431996652.0,20254878614.0,92930333333.33333,95794666666.66667,95.66293,81.96,89.79,69.6,108.0,76.7,304036.0,4.72
2008-07-01,39049631000.0,22106033738.0,36784196754.0,,,92.39683,,,70.0,105.6,80.3,262534.0,4.56
2008-08-01,37646054000.0,21960705482.0,20233585544.0,,,91.52407,,,69.8,92.4,77.6,214386.0,4.27
2008-09-01,48814037000.0,21676401610.0,20142905301.0,93174666666.66667,91281333333.33333,91.16901,82.8,89.32,69.7,109.2,80.9,261384.0,4.25
2008-10-01,34457623000.0,18292149778.0,22920002594.0,,,87.09469,,,69.5,107.1,84.2,258814.0,4.08
2008-11-01,36697629000.0,21323742258.0,22282534330.0,,,84.34383,,,69.1,99.1,81.8,233772.0,3.53
2008-12-01,69157179000.0,38648350790.0,20311220518.0,102768333333.33333,101371333333.33333,80.87865,83.24,89.34,69.4,87.2,95.2,225981.0,3.28
2009-01-01,39045769000.0,17471953944.0,39795988701.0,,,81.72758,,,69.0,79.4,76.0,189385.0,3.65
2009-02-01,37072991000.0,18992166312.0,17819080585.0,,,81.36165,,,69.5,79.1,70.8,277740.0,3.5
2009-03-01,40611987000.0,24202584489.0,20410527655.0,97110000000.0,93687333333.33333,79.69962,83.64,83.88,69.3,89.5,78.5,400965.0,3.43
2009-04-01,35627700000.0,18607315375.0,23648416550.0,,,81.52963,,,69.4,80.3,83.5,379626.0,3.61
2009-05-01,37630119000.0,23055621613.0,18796268251.0,,,82.0349,,,69.3,80.4,78.9,384578.0,3.93
2009-06-01,47285411000.0,24446615337.0,20995247211.0,97301333333.33333,94247333333.33333,83.74546,83.52,83.87,69.6,86.4,74.2,427111.0,3.74
2009-07-01,36456898000.0,21665074003.0,35051165348.0,,,85.10113,,,69.5,86.9,78.7,339976.0,3.66
2009-08-01,33923395000.0,18199124328.0,19909267873.0,,,87.52666,,,69.7,76.9,74.1,275219.0,3.49
2009-09-01,45186301000.0,21355763641.0,22182271896.0,99530000000.0,88863999999.99998,89.29029,84.49,86.06,69.4,94.8,77.2,316166.0,3.49
2009-10-01,32908020000.0,16787833723.0,25374462485.0,,,89.55926,,,69.5,93.8,81.8,321120.0,3.59
2009-11-01,34247747000.0,18324762877.0,26203614292.0,,,90.81518,,,69.3,94.0,78.6,279725.0,3.4
2009-12-01,64884025000.0,34633077577.0,22066902169.0,107665000000.0,98405333333.33333,90.97379,85.02,87.79,70.0,85.1,92.9,215564.0,3.63
2010-01-01,36017595000.0,16497754325.999998,40351782064.0,,,90.66291,,,69.5,80.6,72.2,181189.0,3.46
2010-02-01,36020586000.0,15442091547.000002,20103316087.0,,,90.69185,,,69.8,84.8,71.2,194846.0,3.39
2010-03-01,39124994000.0,22020847914.0,21401298017.0,101047666666.66667,90330666666.66667,92.21626,84.51,85.73,70.2,101.5,83.6,294375.0,3.37
2010-04-01,37199139000.0,20968822000.0,25238055761.0,,,95.54291,,,70.1,91.8,80.1,259414.0,3.27
2010-05-01,38223945000.0,19075564745.0,22148808250.0,,,95.55246,,,70.2,91.0,78.5,249708.0,2.89
2010-06-01,48435505000.0,28383753709.0,26048934784.0,100407333333.33333,96162666666.66667,96.19983,83.83,87.37,70.2,98.5,78.4,289259.0,2.82
2010-07-01,36126510000.0,20731054458.0,32836017008.0,,,98.47659,,,70.4,94.2,81.5,237428.0,2.92
2010-08-01,35142990000.0,17500279513.0,21743039998.0,,,99.76317,,,70.4,88.8,76.3,200885.0,2.27
2010-09-01,45421125000.0,20609377882.0,20821961733.0,110625000000.0,91350666666.66667,100.63886,85.13,89.39,70.3,103.0,78.7,259748.0,2.42
2010-10-01,33882755000.0,18812266852.0,24193295585.0,,,101.77789,,,70.4,102.3,81.7,256775.0,2.73
2010-11-01,35111724000.0,17413436129.0,23118268725.0,,,103.42506,,,70.4,106.1,82.2,262262.0,2.91
2010-12-01,68024338000.0,41838240689.0,25652950319.0,107489000000.0,103185000000.0,102.99511,85.54,91.0,71.3,99.1,94.0,230371.0,3.19
2011-01-01,38011384000.0,17244911679.0,42403922951.0,,,101.64888,,,70.9,91.9,74.6,211056.0,3.36
2011-02-01,39529545000.0,16766720273.000004,21219143717.0,,,102.56747,,,71.3,97.5,73.6,224426.0,3.33
2011-03-01,45589880000.0,24430108984.999996,20291642595.0,102102333333.33333,98132000000.0,102.17987,85.23,89.98,71.8,111.9,81.2,327921.0,3.54
2011-04-01,38465778000.0,21705076634.0,25112926408.0,,,102.22508,,,72.0,97.2,84.0,266251.0,3.45
2011-05-01,42066955000.0,22208116272.0,20411434040.0,,,102.5423,,,71.9,107.5,82.2,304543.0,3.2
2011-06-01,53193819000.0,25624739996.0,20864774943.0,101273000000.0,103117666666.66667,101.91224,85.14,89.75,71.9,98.5,76.8,288382.0,3.16
2011-07-01,39709002000.0,22554898291.0,34981561833.0,,,102.22293,,,72.2,100.2,79.5,260907.0,2.8
2011-08-01,36562389000.0,19375725367.0,21134862618.0,,,99.56772,,,72.2,98.1,79.0,237561.0,2.35
2011-09-01,48749962000.0,22995887911.0,21004620032.0,102094333333.33333,97716000000.0,97.98032,86.22,91.53,72.3,107.8,79.7,280689.0,2.11
2011-10-01,36762560000.0,21128961780.0,23220387380.0,,,97.89708,,,72.4,102.2,81.4,258253.0,2.32
2011-11-01,37797755000.0,19542594331.0,22805909389.99997,,,98.10867,,,72.3,109.9,82.7,269144.0,2.5
2011-12-01,70816786000.0,44942588421.0,22776643337.00003,109218000000.0,108030666666.66667,98.09232,86.61,92.22,72.9,99.1,94.7,244501.0,1.99
2012-01-01,39503921000.0,18162195958.0,42651343993.0,,,98.46726,,,72.5,96.0,75.9,210195.0,1.99
2012-02-01,42252254000.0,17260532693.0,19693909074.0,,,99.29337,,,73.1,100.9,75.1,224318.0,1.97
2012-03-01,48867100000.0,23189874739.0,20327613390.0,103035333333.33333,101317000000.0,99.53169,86.37,91.21,73.4,111.3,84.5,339123.0,1.99
2012-04-01,40171965000.0,22761780429.0,25560459250.0,,,100.10658,,,73.6,96.8,79.8,274066.0,1.8
2012-05-01,40256242000.0,20316401741.0,19024528963.0,,,98.90164,,,73.4,101.0,81.6,289977.0,1.38
2012-06-01,57169002000.0,28050004388.0,20755626010.0,102871000000.0,106019000000.0,96.82687,86.33,90.08,73.3,102.5,80.2,296722.0,1.73
2012-07-01,43134263000.0,24216158498.0,36330439091.0,,,95.54909,,,73.5,102.2,78.8,247860.0,1.45
2012-08-01,41256651000.0,21161132795.0,20543259603.0,,,95.04164,,,73.8,97.7,79.1,226455.0,1.46
2012-09-01,50779226000.0,24069868361.0,20528274560.0,103834000000.0,102497000000.0,94.80102,87.55,91.59,73.8,100.7,77.3,250082.0,1.54
2012-10-01,37665160000.0,21396647942.0,32682369061.0,,,94.69584,,,73.8,106.0,82.7,259529.0,1.6
2012-11-01,37980412000.0,19492102298.0,23461954179.0,,,94.04039,,,73.7,106.8,82.9,259846.0,1.47
2012-12-01,72748753000.0,43879261942.0,25215391542.0,111095333333.33333,110495666666.66667,95.39269,87.88,92.23,74.4,90.5,91.3,204331.0,1.38
2013-01-01,40204096000.0,17690324226.0,37510036012.0,,,96.35387,,,73.9,95.0,77.5,192090.0,1.65
2013-02-01,43187625000.0,17987922970.0,21976769706.0,,,97.3136,,,74.4,95.3,72.5,200683.0,1.52
2013-03-01,51668859000.0,24773456226.0,20285600226.0,105604333333.33333,103187333333.33333,97.59279,88.28,89.82,74.8,103.3,81.7,281184.0,1.32
2013-04-01,40351008000.0,22824650685.0,24888263961.0,,,95.99676,,,74.4,103.7,82.1,284444.0,1.26
2013-05-01,42448762000.0,20626306344.0,24208019407.0,,,97.11952,,,74.6,96.6,81.9,261316.0,1.51
2013-06-01,59650249000.0,28336007244.000015,21818141996.0,106093333333.33333,110577333333.33333,96.47807,88.15,91.23,74.6,102.3,78.0,282913.0,1.76
2013-07-01,43957775000.0,24082595930.999985,35097812512.0,,,98.00552,,,75.0,103.7,81.6,253146.0,1.76
2013-08-01,40252599000.0,19981094765.0,21017473034.0,,,98.64758,,,75.0,94.8,79.3,214044.0,1.94
2013-09-01,54747684000.0,25782267682.0,21493663262.0,106372333333.33333,104799333333.33333,98.97965,89.17,92.88,74.9,105.0,77.2,247199.0,1.82
2013-10-01,39051236000.0,21683074124.0,32403024840.0,,,98.86939,,,74.7,107.7,82.5,265441.0,1.75
2013-11-01,39479267000.0,21254492538.0,26266008191.0,,,99.55398,,,74.9,107.7,84.1,254651.0,1.82
2013-12-01,75248385875.686,40429923568.0,20878098966.0,113463333333.33333,114140000000.0,100.35898,89.47,93.44,75.3,95.4,91.4,215320.0,2.11
2014-01-01,41518057886.062004,18235212841.0,38483544781.0,,,101.40625,,,74.7,97.4,78.3,205996.0,1.73
2014-02-01,43159346810.981995,17318878506.0,21223830465.0,,,101.31098,,,75.2,99.7,74.1,209349.0,1.67
2014-03-01,55357594217.725,27612066108.0,20411127633.0,107519666666.66667,108141666666.66667,101.22048,89.83,92.94,75.4,107.2,81.6,296408.0,1.65
2014-04-01,41340934264.575,21730145501.0,22948528566.0,,,102.13797,,,75.2,101.9,84.8,274097.0,1.61
2014-05-01,39616870577.387,18603552774.0,24524424703.0,,,100.12083,,,75.1,100.3,83.3,274804.0,1.42
2014-06-01,63459875557.115005,30547935187.0,22455714028.0,108050666666.66667,112999333333.33333,99.74466,90.09,92.61,75.3,100.0,77.9,277614.0,1.31
2014-07-01,45404018068.407,25021626497.0,34330801381.0,,,99.472,,,75.5,107.4,81.8,270249.0,1.21
2014-08-01,41742618664.272,21434711283.0,21218717967.0,,,98.31264,,,75.6,89.9,78.2,213092.0,0.95
2014-09-01,57334990463.002,28450687947.0,22212970263.0,108933666666.66667,108611666666.66667,97.67685,90.8,94.78,75.6,109.1,79.1,260062.0,0.99
2014-10-01,40258149570.296,20752494954.0,23303411827.0,,,96.27671,,,75.3,109.2,84.0,275320.0,0.89
2014-11-01,42367516570.623,22693540822.0,22641502512.0,,,96.00316,,,75.3,106.3,82.2,250082.0,0.75
2014-12-01,81478544450.167,42746210811.0,21731052511.0,118273333333.33333,120302000000.0,98.21477,91.1,96.38,75.3,98.5,95.2,229700.0,0.6
2015-01-01,43222582681.781,19565067685.0,38092385334.0,,,98.83951,,,74.4,93.0,80.6,211337.0,0.35
2015-02-01,45730817581.437,17806347449.0,21796075183.0,,,98.78551,,,75.1,98.4,76.2,223254.0,0.33
2015-03-01,57970419607.79301,30639128324.0,21594480166.0,111243333333.33333,112520666666.66667,99.08927,91.34,95.28,75.6,112.9,85.2,323039.0,0.22
2015-04-01,43475692624.222,22090433868.0,23156611448.0,,,100.198,,,76.0,103.2,85.1,291395.0,0.36
2015-05-01,44902852000.0,23379563334.0,19909663666.0,,,100.39525,,,76.2,96.1,84.2,256385.0,0.56
2015-06-01,64776497020.065,34391791257.0,22894944693.0,112361666666.66667,117431333333.33333,100.12045,91.72,94.78,76.2,109.2,84.0,313539.0,0.86
2015-07-01,49328252445.059,27070973854.0,33319699770.0,,,99.65673,,,76.5,109.2,87.3,290196.0,0.68
2015-08-01,44611142968.941,21972041535.0,21819563768.0,,,100.56842,,,76.4,92.9,81.5,226314.0,0.71
2015-09-01,59367424180.768,29251150144.0,26304666467.0,111353666666.66667,113415333333.33333,100.08406,92.44,97.11,76.2,110.1,83.4,272479.0,0.61
2015-10-01,41020778774.183,21706886954.0,23170029823.0,,,100.61026,,,76.2,110.3,87.9,278372.0,0.51
2015-11-01,42915492940.957,19363266177.99997,23843352333.0,,,100.99581,,,75.5,109.9,86.7,272377.0,0.49
2015-12-01,82964781000.0,43818418216.00003,23383634011.0,122805666666.66667,123810000000.0,100.65675,92.61,99.24,75.5,99.4,102.2,247355.0,0.7
2016-01-01,44801411290.427,22149305893.0,38739115045.0,,,99.74787,,,74.7,92.4,81.1,218365.0,0.34
2016-02-01,48017410357.64,20665935986.0,22542524813.0,,,98.70793,,,75.0,103.9,81.9,250146.0,0.11
2016-03-01,62073215860.839005,31806749993.0,22225147176.0,115357000000.0,117448666666.66667,99.14402,92.66,98.0,75.7,109.9,87.5,322913.0,0.13
2016-04-01,46346404000.0,25458211405.0,23250615125.0,,,100.13452,,,75.7,107.5,89.3,315921.0,0.25
2016-05-01,47661060429.19,23536729259.0,21617096559.0,,,99.78493,,,76.2,99.3,86.6,286931.0,0.17
2016-06-01,68088805218.58101,31980324769.0,22286378223.0,116710333333.33333,122585333333.33333,99.96739,92.86,98.82,76.3,113.0,86.2,339563.0,-0.14
2016-07-01,48366831870.065,25598006047.0,33393901539.0,,,99.97848,,,76.7,99.8,86.0,278866.0,-0.15
2016-08-01,44823894736.139,22070879314.0,23396405806.0,,,99.62048,,,76.6,100.7,85.0,245076.0,-0.16
2016-09-01,62333355158.352005,29887927731.0,24233162050.0,118284333333.33333,117980333333.33333,100.83268,93.44,99.33,76.6,111.8,84.6,298002.0,-0.21
2016-10-01,44387747516.141,21078952299.0,23391085515.0,,,101.27626,,,76.7,103.9,88.0,262724.0,0.13
2016-11-01,44032786831.441,22411663663.0,26952415025.0,,,101.58235,,,76.0,113.8,90.6,276567.0,0.2
2016-12-01,87376211220.444,40184563058.0,28553325810.0,126067000000.0,130483333333.33333,100.95492,93.79,100.86,76.7,100.9,104.6,256533.0,0.22
2017-01-01,46576367644.058,25427426101.0,39100413716.0,,,101.33622,,,76.0,98.8,84.1,241399.0,0.46
2017-02-01,52018602938.449005,24389228160.0,23056067125.0,,,101.26746,,,76.6,100.9,80.7,243602.0,0.18
2017-03-01,66757030934.324,31748728028.0,22250387541.0,119501666666.66667,123365333333.33333,101.88207,93.78,100.91,76.8,119.1,92.4,359683.0,0.33
2017-04-01,49017806498.850006,25272867703.0,25313573239.0,,,103.71252,,,77.2,98.8,90.3,290697.0,0.34
2017-05-01,48351868090.940994,23067321233.0,23708979575.999985,,,102.68949,,,77.2,109.8,92.4,323952.0,0.33
2017-06-01,63665990133.156,26325013890.0,24195055320.000015,123179333333.33333,127679333333.33333,102.65549,94.13,100.03,77.5,108.7,88.8,327693.0,0.48
2017-07-01,52838864705.773,27421555832.0,34429072346.0,,,103.79154,,,78.0,103.7,88.6,283080.0,0.55
2017-08-01,47884494774.03,23092148213.0,27251726883.0,,,103.59712,,,78.1,105.3,87.4,253679.0,0.35
2017-09-01,65199701874.748,30604409921.0,24484356211.0,120209333333.33333,123210666666.66667,103.87683,94.96,102.0,78.1,112.2,88.7,288035.0,0.46
2017-10-01,44597205632.368996,22883182953.0,26180475679.99997,,,104.3254,,,77.9,106.1,87.5,272855.0,0.41
2017-11-01,46997068129.099,21930876338.0,28252548805.00003,,,104.94533,,,77.4,120.1,95.0,302636.0,0.42
2017-12-01,90693234002.151,48237898064.0,27157796281.0,131960333333.33333,135452333333.33333,104.71891,95.36,103.9,77.9,104.0,105.1,253950.0,0.48
2018-01-01,47874176776.230995,22513509641.0,38651141241.0,,,105.00805,,,77.1,105.1,86.2,269429.0,0.69
2018-02-01,56241135241.973,25873876382.0,24252670341.0,,,104.04013,,,77.5,103.4,81.9,261749.0,0.7
2018-03-01,67995287320.00101,33068586437.0,22863979033.0,121929333333.33333,128243333333.33333,103.91122,95.41,102.24,78.1,115.9,94.7,347433.0,0.53
2018-04-01,50926608634.838,26310694364.0,26034661111.0,,,103.51589,,,78.2,107.8,92.1,314055.0,0.6
2018-05-01,51620796993.721,25393688990.000015,24308548274.0,,,102.8513,,,79.0,106.6,92.0,305057.0,0.44
2018-06-01,75554855282.959,36165281763.999985,22903000000.0,124440000000.0,135106333333.33333,101.61945,95.7,101.95,79.1,114.7,92.6,341308.0,0.38
2018-07-01,54357999438.822,26875362422.0,34228000000.0,,,101.63907,,,79.7,108.1,90.3,317848.0,0.43
2018-08-01,49871605430.645,25185159730.0,28943491879.0,,,103.72674,,,79.7,105.0,89.6,316405.0,0.35
2018-09-01,68972354323.54001,32056208526.0,25145560167.0,125494666666.66667,128807000000.0,103.75404,96.63,101.88,79.8,107.8,86.5,200134.0,0.49
2018-10-01,48717955797.496,22590872109.0,27853328790.0,,,102.84449,,,79.9,113.6,93.4,252628.0,0.4
2018-11-01,48466344406.911,24558777666.0,29207763806.0,,,102.2842,,,79.0,115.0,97.4,272674.0,0.33
2018-12-01,92976552337.56299,46993575102.0,32318300698.0,139245333333.33334,140508333333.33334,101.17816,97.6,104.01,79.1,97.3,104.2,237058.0,0.25
2019-01-01,49003863804.342,20728000000.0,40345000000.0,,,99.55645,,,78.4,102.9,89.8,265702.0,0.14
2019-02-01,55323587451.237,21856000000.0,24585000000.0,,,98.70075,,,78.8,103.6,86.1,268867.0,0.15
2019-03-01,70888065817.803,35817000000.0,23440000000.0,127053333333.33333,132616333333.33333,99.90695,97.37,103.49,79.1,112.2,93.8,345523.0,-0.07
2019-04-01,52272074755.559,28121000000.0,27001000000.0,,,100.69853,,,79.9,105.0,97.8,310715.0,0.03
2019-05-01,52396076677.672,25441000000.0,25319000000.0,,,98.34,,,80.1,109.1,95.9,332962.0,-0.2
2019-06-01,80664839146.706,37965000000.0,31824000000.0,131211333333.33333,140069333333.33334,96.77644,97.71,101.97,80.4,99.4,91.6,325231.0,-0.31
2019-07-01,53498477899.963,26837000000.0,28024000000.0,,,95.47455,,,80.7,108.0,95.7,332788.0,-0.43
2019-08-01,52670160822.283,25497000000.0,30439000000.0,,,94.09315,,,80.6,97.0,92.8,313748.0,-0.71
2019-09-01,72851798348.74501,33468000000.0,25452000000.0,133377666666.66667,133830000000.0,94.76661,98.56,104.35,80.5,107.4,89.7,244622.0,-0.57
2019-10-01,49839078008.165,24414000000.0,27556000000.0,,,94.90863,,,80.6,108.8,95.4,284593.0,-0.42
2019-11-01,51115032784.743004,26044000000.0,29430000000.0,,,95.2752,,,79.9,108.6,100.4,299127.0,-0.37
2019-12-01,95346356263.518,50304000000.0,29771000000.0,145229333333.33334,146005666666.66666,96.50823,99.44,105.11,80.4,93.9,106.6,283380.0,-0.19
2020-01-01,52767813854.52699,20487000000.0,40480000000.0,,,96.0862,,,79.7,99.0,91.8,246300.0,-0.42
2020-02-01,58947525969.038,27121000000.0,25421000000.0,,,95.98363,,,80.1,101.2,91.7,239943.0,-0.61
2020-03-01,69634665826.38899,37841000000.0,26407000000.0,135470666666.66667,136531666666.66667,86.2792,99.76,102.09,80.2,103.5,95.5,215119.0,-0.47
2020-04-01,39030259553.96001,19531000000.0,42403000000.0,,,75.06588,,,80.6,73.4,93.1,120840.0,-0.5
2020-05-01,41986612611.873,13998000000.0,28551000000.0,,,79.54302,,,80.5,78.9,101.3,168148.0,-0.41
2020-06-01,65343053778.19299,30304000000.0,36875000000.0,148073333333.33334,129289333333.33333,85.2927,100.56,92.08,81.0,93.4,98.5,220272.0,-0.5
2020-07-01,53343940472.346,25830000000.0,34717000000.0,,,89.38788,,,80.6,97.0,101.7,314938.0,-0.57
2020-08-01,51442792117.33,21469000000.0,32118000000.0,,,92.03144,,,80.5,84.6,96.5,251044.0,-0.4
2020-09-01,63520830523.022,26720000000.0,28844000000.0,145523000000.0,127890333333.33333,93.46612,99.39,101.62,80.2,102.9,97.6,265227.0,-0.56
2020-10-01,45453730381.708,22025000000.0,38612000000.0,,,92.92425,,,80.2,105.9,105.4,274303.0,-0.63
2020-11-01,47544929495.601,18663000000.0,63174000000.0,,,91.61968,,,79.4,108.8,107.8,290150.0,-0.59
2020-12-01,93335437407.791,47096000000.0,44196000000.0,158861000000.0,143839666666.66666,93.19505,100.35,104.2,79.9,97.4,113.7,311394.0,-0.57
2021-01-01,47015445219.614,17147000000.0,54218000000.0,,,90.70341,,,81.0,90.3,82.9,169754.0,-0.54
2021-02-01,54674465690.381,20519000000.0,35477000000.0,,,92.72714,,,81.4,97.5,85.0,194349.0,-0.27
2021-03-01,70284097537.182,30400000000.0,39857000000.0,148784000000.0,136832666666.66667,96.20243,101.18,101.45,81.8,115.5,108.3,292349.0,-0.27
2021-04-01,51471448387.382996,24832000000.0,33981000000.0,,,96.0527,,,82.2,100.5,97.3,229650.0,-0.21
2021-05-01,50011704466.652,20403000000.0,37772000000.0,,,98.25246,,,82.4,95.4,99.3,230635.0,-0.17
2021-06-01,73759270292.147,33687000000.0,44284000000.0,152667000000.0,140819333333.33334,100.90604,101.18,102.07,82.7,103.1,105.1,274152.0,-0.23
2021-07-01,60023244304.675995,29381000000.0,37599000000.0,,,100.72011,,,83.2,99.2,101.9,236393.0,-0.48
2021-08-01,55676197199.903,23590000000.0,34173000000.0,,,100.07229,,,83.3,88.3,96.3,193307.0,-0.46
2021-09-01,78211039721.745,33112000000.0,49058000000.0,151285666666.66666,143122666666.66666,100.04516,103.44,103.6,83.4,101.5,96.9,196972.0,-0.24
2021-10-01,53424915250.081,22148000000.0,34921000000.0,,,98.75839,,,84.0,101.0,102.2,178683.0,-0.14
2021-11-01,54867212259.76,22047000000.0,43515000000.0,,,97.20301,,,84.1,108.3,109.4,198258.0,-0.4
2021-12-01,111534438265.309,63751000000.0,111762000000.0,169203000000.0,162288333333.33334,95.34172,104.87,105.2,84.4,99.5,115.4,227630.0,-0.24
2022-01-01,57559081334.781,22840000000.0,45403000000.0,,,96.19685,,,85.1,92.9,94.6,184112.0,-0.08
2022-02-01,63163086853.155,28213000000.0,34393000000.0,,,98.57212,,,85.9,99.1,93.2,200512.0,0.15
2022-03-01,82407750153.79,36338000000.0,35994000000.0,149460000000.0,149558000000.0,90.0128,106.65,103.83,88.0,109.6,105.7,241330.0,0.57
2022-04-01,56555106282.597,27228000000.0,39536000000.0,,,91.28505,,,88.7,93.9,102.2,180264.0,0.82
2022-05-01,54992423586.256,24165000000.0,35865000000.0,,,92.25174,,,89.6,101.1,102.2,207199.0,1.08
2022-06-01,93192818903.037,36779000000.0,36494000000.0,152697333333.33334,153744000000.0,91.99343,108.59,101.72,89.6,100.7,97.5,224558.0,1.45
2022-07-01,60179050477.413994,27818000000.0,41490000000.0,,,88.64613,,,90.2,95.0,98.4,205911.0,0.91
2022-08-01,54211817133.712,24412000000.0,44814000000.0,,,89.14498,,,90.6,93.5,95.3,199183.0,1.52
2022-09-01,71160777816.015,28865000000.0,33510000000.0,160584333333.33334,150245666666.66666,85.68895,109.44,103.24,92.6,106.8,96.7,224816.0,2.12
2022-10-01,56673347197.953,26674000000.0,38854000000.0,,,85.29173,,,93.7,96.6,96.8,208642.0,2.19
2022-11-01,55945159006.619995,28020000000.0,39751000000.0,,,86.83078,,,93.6,108.8,105.1,260512.0,1.94
2022-12-01,108845845888.37001,53301000000.0,54584000000.0,183661000000.0,167475666666.66666,89.23251,112.4,104.98,92.5,96.8,109.7,314318.0,2.53
2023-01-01,58033703336.011,24299000000.0,52501000000.0,,,90.52737,,,93.0,94.2,90.0,179247.0,2.28
2023-02-01,60556682417.4,28147000000.0,30617000000.0,,,91.06641,,,93.9,98.1,86.4,206210.0,2.65
2023-03-01,81174049873.80501,36040000000.0,35424000000.0,159730666666.66666,151860333333.33334,92.70203,114.39,104.54,94.8,113.8,99.8,281361.0,2.35
2023-04-01,53953414170.68,26457000000.0,38656000000.0,,,92.94896,,,95.3,90.9,93.6,202947.0,2.35
2023-05-01,59647997795.54,27039000000.0,32580000000.0,,,90.88814,,,95.2,98.1,98.4,246966.0,2.28
2023-06-01,86391449825.73,39390000000.0,39376000000.0,164082333333.33334,159628666666.66666,88.20831,116.08,102.48,95.6,102.4,98.0,280139.0,2.43
2023-07-01,69269330281.084,34268000000.0,33915000000.0,,,87.33768,,,96.1,92.1,95.8,243277.0,2.52
2023-08-01,58854892546.53,27285000000.0,38863000000.0,,,85.81797,,,96.4,91.2,93.1,273417.0,2.51
2023-09-01,80597387265.59999,35869000000.0,34469000000.0,167709000000.0,157185000000.0,86.18113,116.78,104.28,96.5,98.1,92.6,224502.0,2.87
2023-10-01,56324362058.505,24587000000.0,35191000000.0,,,86.92156,,,96.4,95.9,96.0,218959.0,2.8
2023-11-01,55987836764.229996,29059000000.0,41045000000.0,,,87.25471,,,95.8,103.6,103.6,245701.0,2.45
2023-12-01,108983157761.90599,59789000000.0,44492000000.0,185622333333.33334,173387333333.33334,86.81159,119.12,105.37,95.9,88.8,105.9,241883.0,2.06
2024-01-01,61274108498.337,26919000000.0,46380000000.0,,,85.66198,,,95.8,90.7,89.3,213553.0,2.24
2024-02-01,64149862826.45,33407000000.0,33856000000.0,,,85.83137,,,96.4,95.7,88.7,217388.0,2.51
2024-03-01,77550543234.10701,34515000000.0,32996000000.0,168847666666.66666,158971333333.33334,87.79893,118.79,104.44,97.0,96.8,99.0,263844.0,2.33
2024-04-01,58136060670.99,30341000000.0,36351000000.0,,,89.12545,,,97.6,97.2,97.1,243102.0,2.56
2024-05-01,61173090235.39,28979000000.0,33626000000.0,,,88.84783,,,97.8,88.0,97.6,236425.0,2.71
2024-06-01,91724300489.8,42258000000.0,36782000000.0,173395666666.66666,167163666666.66666,88.2203,120.03,102.48,98.0,93.9,94.3,297329.0,2.49
2024-07-01,63814352306.665,33448000000.0,42561000000.0,,,86.90058,,,98.5,93.6,98.5,238263.0,2.35
2024-08-01,61976006199.512,29688000000.0,37035000000.0,,,86.50963,,,98.4,85.1,96.0,197322.0,2.3
2024-09-01,86172835989.756,41625000000.0,34118000000.0,176339666666.66666,164395666666.66666,85.48633,120.05,104.38,98.3,94.0,94.2,208848.0,2.21
2024-10-01,60920786425.038,30889000000.0,38019000000.0,,,86.43099,,,98.7,95.2,101.5,231992.0,2.46
2024-11-01,61032044151.45,34233000000.0,45070000000.0,,,85.62464,,,98.1,97.2,107.5,244544.0,2.15
2024-12-01,113186789471.845,74340000000.0,48876000000.0,194656000000.0,184276666666.66666,84.90726,122.01,105.33,98.7,84.4,108.3,224721.0,2.43
2025-01-01,66758101800.47,30017000000.0,48670000000.0,,,85.45461,,,98.47,88.3,93.7,207640.0,2.51
2025-02-01,69337443034.2,33532000000.0,36307000000.0,,,85.29033,,,98.95,90.3,89.3,203434.0,2.42
2025-03-01,86163371152.23,42264000000.0,37718000000.0,176429000000.00003,170047333333.33334,86.80569,122.02,104.37,99.32,100.0,101.0,253497.0,2.75
2025-04-01,64080603761.759995,30209000000.0,36832000000.0,,,86.92286,,,99.8,91.5,102.9,242728.0,2.52
2025-05-01,62779651548.374,29545000000.0,38797000000.0,,,87.4136,,,99.88,91.5,102.9,239297.0,2.59
2025-06-01,98451182132.819,45615000000.0,35819000000.0,181926999999.99997,178112000000.0,88.33286,123.69,102.74,99.97,90.3,97.2,256193.0,2.65
2025-07-01,65737005528.173996,32315000000.0,42933000000.0,,,88.46047,,,100.35,94.6,102.5,264802.0,2.75
2025-08-01,63238965023.987,29673000000.0,41884000000.0,,,88.84536,,,100.42,79.4,94.9,207229.0,2.76
2025-09-01,88433324085.0,38962000000.0,43403000000.0,186276000000.0,173657333333.33334,87.61444,123.76,105.03,100.65,97.1,97.6,235528.0,2.78
2025-10-01,61220500057.472,26670000000.0,43242000000.0,,,88.35889,,,100.95,95.6,103.8,250133.0,2.71
2025-11-01,60242385910.521996,30323000000.0,36917000000.0,,,87.95386,,,100.56,96.5,105.9,250671.0,2.77
2025-12-01,115418229808.844,58798000000.0,50756000000.0,209563666666.66666,191174000000.0,87.60354,125.93,106.01,100.67,86.9,113.8,246439.0,2.94
2026-01-01,64496544676.96,26484000000.0,54774000000.0,,,87.63192,,,100.56,84.3,94.8,193981.0,2.92
2026-02-01,70453453457.41101,32956000000.0,38346000000.0,,,88.50377,,,100.94,88.9,90.1,211262.0,2.76
2026-03-01,89269262401.8,38514000000.0,36698000000.0,186981333333.33334,174859333333.33334,86.3488,125.34,105.35,102.1,100.8,104.0,294161.0,3.1
2026-04-01,60951629983.367004,29392000000.0,38552000000.0,,,84.47484,,,102.66,90.5,100.6,249163.0,3.18
2026-05-01,67907334094.13999,35329000000.0,36290000000.0,,,84.97767,,,102.54,84.6,99.9,239448.0,3.04
2026-06-01,98102174823.19,44277000000.0,37845000000.0,,,85.65368,,,102.32,,,296378.0,2.93
2026-07-01,,,,,,86.59582,,,103.2,,,,
